質問番号,性別,年齢,sc2ac,sc3,sc4,q1,q2,q2.1,q2.2,q2.3,q2.4,q2.5,q2.6,q2.7,q2.8,q2.9,q2.10,q2.11,q3,q4,q5,q5_1,q6,q7,q7_1,q8,q9,q9.1,q9.2,q9.3,q9.4,q9.5,q9.6,q9.7,q9.8,q10
,,,,,,,,,,,,,,,,,,,,,,,5価格は関係ない,5環境に優しい生産方法　,,,,,,,,,,,,
,,,,,,,,,,,,,,,,,,,,,,,,6職人技術の保存と継承,,,,,,,,,,,,
,,,,,,,,,,,,,,,,,,,,,,,,7わからない,,,,,,,,,,,,
以下データ,,,,,,,,,,,,,,,,,,,,,,,,,,,,,,,,,,,,
1,1,18.0,1.0,34.0,13.0,4,0,0,0,0,0,0,0,0,1,0,0,,2,3.0,5.0,,3,1,,4.0,0,0,0,0,0,0,1,0,,2
2,1,24.0,2.0,13.0,13.0,4,0,0,1,0,0,0,0,0,0,0,0,,2,3.0,5.0,,4,6,,4.0,0,0,1,0,0,0,0,0,,2
3,2,33.0,3.0,13.0,4.0,4,0,0,0,0,0,0,1,0,0,0,0,,2,4.0,5.0,,5,4,,4.0,0,0,0,0,0,0,1,0,,2
4,1,20.0,2.0,7.0,1.0,4,0,0,0,0,0,0,1,0,0,0,0,,2,4.0,5.0,,4,3,,4.0,0,0,0,1,0,0,0,0,,2
5,2,39.0,3.0,43.0,9.0,2,0,1,0,0,0,0,1,1,0,0,0,,2,2.0,3.0,,4,3,,3.0,0,0,0,0,0,0,1,0,,2
6,1,19.0,1.0,12.0,13.0,4,0,0,0,0,1,0,0,0,0,0,0,,2,4.0,5.0,,4,3,,4.0,0,0,0,0,1,0,0,0,,2
7,1,19.0,1.0,12.0,13.0,4,0,0,1,0,0,0,0,0,0,0,0,,2,4.0,5.0,,4,5,,4.0,0,0,0,1,0,0,0,0,,2
8,2,35.0,3.0,23.0,10.0,4,0,0,0,0,1,0,1,1,0,0,0,,2,3.0,1.0,,3,1,,4.0,0,0,0,1,0,0,0,0,,2
9,1,30.0,3.0,34.0,1.0,2,0,1,0,1,1,1,1,0,0,0,0,,2,2.0,5.0,,4,3,,3.0,1,0,0,1,1,0,0,0,,2
10,2,43.0,4.0,13.0,1.0,2,0,0,0,0,0,0,0,0,0,1,0,,1,2.0,3.0,,2,2,,3.0,0,1,0,0,0,0,0,0,,2
11,2,17.0,1.0,1.0,13.0,1,1,1,0,1,1,0,1,1,0,0,0,,2,2.0,1.0,,4,3,,3.0,0,0,0,0,0,0,1,0,,2
12,1,74.0,7.0,23.0,14.0,2,0,1,0,1,0,0,1,0,0,0,0,,2,2.0,2.0,,2,6,,2.0,0,0,0,0,0,0,1,0,,1
13,2,16.0,1.0,27.0,13.0,2,1,1,1,1,1,1,1,1,0,0,0,,2,2.0,4.0,,4,6,,3.0,1,1,0,1,0,0,0,0,,2
14,1,27.0,2.0,14.0,1.0,3,1,0,0,0,0,1,0,0,0,0,0,,2,2.0,4.0,,3,5,,3.0,0,0,0,0,0,0,1,0,,2
15,1,27.0,2.0,13.0,11.0,1,0,1,1,0,1,0,0,0,0,0,0,,2,3.0,1.0,,1,3,,2.0,0,0,1,1,1,0,0,0,,2
16,1,27.0,2.0,12.0,2.0,3,0,1,0,1,0,0,0,0,0,0,0,,2,3.0,3.0,,5,2,,2.0,0,0,0,0,0,1,0,0,,2
17,1,38.0,3.0,27.0,6.0,2,0,1,1,0,1,1,0,0,1,0,0,,2,2.0,1.0,,2,6,,2.0,1,1,0,0,0,1,0,0,,2
18,1,26.0,2.0,5.0,14.0,4,0,0,0,0,0,0,0,0,0,1,0,,2,4.0,5.0,,5,6,,4.0,1,0,0,0,0,0,0,0,,2
19,2,28.0,2.0,7.0,10.0,4,0,1,0,0,0,0,1,1,0,0,0,,2,3.0,2.0,,5,6,,3.0,0,0,0,0,0,0,1,0,,2
20,1,17.0,1.0,14.0,13.0,4,0,0,0,0,0,0,0,0,0,0,1,わからない,2,4.0,6.0,わからない,5,7,わからない,4.0,0,0,0,0,0,0,0,1,わからない,2
21,1,19.0,1.0,13.0,13.0,2,0,0,0,0,0,0,0,0,0,0,1,なし,2,2.0,6.0,なし,5,7,なし,4.0,0,0,0,0,0,0,0,1,なし,2
22,1,62.0,6.0,43.0,1.0,2,1,1,0,0,1,1,1,0,0,1,0,,2,3.0,4.0,,3,1,,2.0,0,1,0,0,0,0,0,0,,2
23,2,29.0,2.0,13.0,1.0,2,1,0,0,1,1,0,0,0,0,0,0,,2,2.0,4.0,,3,1,,4.0,1,1,0,0,0,0,0,0,,2
24,1,23.0,2.0,15.0,14.0,4,1,0,0,0,0,0,0,0,0,0,0,,2,3.0,5.0,,4,1,,4.0,0,0,0,0,0,0,1,0,,2
25,2,41.0,4.0,11.0,5.0,3,1,1,0,0,1,0,0,0,0,0,0,,2,3.0,2.0,,3,1,,2.0,0,0,0,0,1,0,0,0,,2
26,1,49.0,4.0,44.0,4.0,3,0,0,0,0,0,1,0,0,0,0,0,,2,3.0,5.0,,3,6,,2.0,0,0,0,0,0,0,1,0,,2
27,1,39.0,3.0,11.0,5.0,3,1,0,0,0,0,0,0,0,0,0,0,,1,3.0,5.0,,2,2,,3.0,0,0,0,0,0,1,0,0,,1
28,2,24.0,2.0,1.0,1.0,2,0,0,0,0,0,0,0,1,0,0,0,,2,3.0,2.0,,4,4,,2.0,0,0,0,0,1,0,0,0,,2
29,1,38.0,3.0,34.0,1.0,3,0,1,0,0,0,0,0,0,0,0,0,,2,2.0,3.0,,3,4,,2.0,0,0,1,0,0,0,0,0,,2
30,2,57.0,5.0,8.0,5.0,2,1,1,0,0,0,1,1,0,0,0,0,,2,2.0,1.0,,4,6,,3.0,0,0,1,0,0,0,0,0,,2
31,2,45.0,4.0,21.0,1.0,2,0,1,0,0,0,1,1,0,0,0,0,,2,2.0,3.0,,1,6,,3.0,0,0,0,0,0,0,1,0,,2
32,1,42.0,4.0,3.0,1.0,4,0,0,0,0,0,0,1,0,0,0,0,,2,3.0,4.0,,3,5,,2.0,1,0,0,0,0,0,0,0,,1
33,1,66.0,6.0,1.0,3.0,3,1,0,0,0,0,1,1,0,0,0,0,,2,3.0,4.0,,4,3,,2.0,0,1,1,0,1,0,0,0,,2
34,2,18.0,1.0,29.0,13.0,1,0,0,0,0,0,1,0,0,0,0,0,,2,2.0,2.0,,3,5,,2.0,0,0,0,1,0,0,0,0,,2
35,1,28.0,2.0,1.0,14.0,4,0,1,0,0,0,0,0,0,0,0,0,,2,4.0,5.0,,5,2,,4.0,0,1,0,0,0,0,0,0,,2
36,1,44.0,4.0,23.0,1.0,3,0,0,0,0,0,0,1,1,0,0,0,,2,2.0,5.0,,3,4,,4.0,0,0,0,0,0,1,0,0,,2
37,2,38.0,3.0,13.0,5.0,4,0,0,0,0,0,0,1,0,0,0,0,,2,3.0,5.0,,4,3,,2.0,0,0,0,0,0,1,0,0,,2
38,1,39.0,3.0,40.0,1.0,4,0,0,0,0,0,0,0,1,0,0,0,,2,3.0,5.0,,3,1,,3.0,0,0,0,0,0,1,0,0,,2
39,2,50.0,5.0,6.0,1.0,2,1,1,0,0,0,1,0,0,0,0,0,,2,3.0,4.0,,3,6,,2.0,1,1,0,0,1,0,0,0,,2
40,2,28.0,2.0,16.0,13.0,2,1,0,0,0,0,1,0,0,1,0,0,,2,2.0,5.0,,4,3,,3.0,0,0,0,0,0,0,1,0,,2
41,2,38.0,3.0,11.0,14.0,3,0,0,0,0,0,1,0,0,0,0,0,,2,4.0,1.0,,2,2,,3.0,0,0,0,1,0,0,0,0,,2
42,2,42.0,4.0,1.0,12.0,2,0,0,0,0,0,1,0,0,0,0,0,,2,2.0,3.0,,2,4,,1.0,0,0,0,1,0,0,0,0,,2
43,1,46.0,4.0,8.0,1.0,4,0,1,0,0,0,0,0,0,0,0,0,,2,4.0,2.0,,3,4,,3.0,0,1,0,0,0,0,0,0,,2
44,1,23.0,2.0,36.0,1.0,2,1,0,0,1,0,0,0,0,1,0,0,,2,1.0,2.0,,2,3,,2.0,0,0,0,0,0,0,1,0,,2
45,2,62.0,6.0,14.0,12.0,3,0,1,0,1,1,1,1,1,0,1,0,,2,1.0,3.0,,4,5,,3.0,0,0,0,0,1,0,0,0,,2
46,1,24.0,2.0,14.0,13.0,4,0,0,0,0,1,0,0,0,0,0,0,,2,4.0,4.0,,2,3,,2.0,0,1,0,0,0,0,0,0,,2
47,2,45.0,4.0,1.0,5.0,4,0,0,0,0,0,0,0,0,1,0,0,,2,4.0,5.0,,5,4,,4.0,0,0,0,1,0,0,0,0,,2
48,1,45.0,4.0,40.0,1.0,2,0,0,0,0,0,0,1,0,0,0,0,,2,3.0,3.0,,3,2,,4.0,1,0,0,0,0,0,0,0,,2
49,1,17.0,1.0,14.0,4.0,2,0,0,0,1,0,0,0,0,0,1,0,,2,2.0,2.0,,3,1,,1.0,1,0,1,0,0,0,0,0,,2
50,1,67.0,6.0,27.0,4.0,2,0,1,0,0,1,0,1,0,0,0,0,,2,3.0,3.0,,3,6,,4.0,1,0,0,1,0,1,0,0,,2
51,2,66.0,6.0,14.0,12.0,2,0,1,0,0,0,1,1,0,0,0,0,,2,2.0,2.0,,4,3,,2.0,1,0,0,0,0,0,0,0,,2
52,2,34.0,3.0,1.0,10.0,3,1,0,0,0,0,1,0,0,1,0,0,,2,3.0,5.0,,4,6,,2.0,0,0,0,1,0,0,0,0,,2
53,2,32.0,3.0,13.0,10.0,2,1,0,0,0,1,0,0,1,0,0,0,,2,3.0,2.0,,2,1,,1.0,1,0,0,1,1,0,0,0,,2
54,2,29.0,2.0,39.0,10.0,4,1,0,0,0,1,0,1,0,1,0,0,,2,2.0,3.0,,2,5,,2.0,0,0,0,0,0,1,0,0,,2
55,2,17.0,1.0,36.0,13.0,3,0,1,0,0,0,0,1,1,0,0,0,,2,2.0,5.0,,5,3,,3.0,0,0,0,0,0,0,1,0,,2
56,1,26.0,2.0,13.0,1.0,4,0,0,0,0,0,0,1,0,0,0,0,,2,4.0,5.0,,5,4,,4.0,0,1,0,0,0,0,0,0,,2
57,1,40.0,4.0,11.0,1.0,1,0,0,0,0,0,1,0,0,0,0,0,,2,2.0,1.0,,3,6,,1.0,0,0,0,0,0,0,1,0,,2
58,1,26.0,2.0,12.0,1.0,3,0,1,0,0,1,0,0,1,0,0,0,,2,3.0,2.0,,4,4,,2.0,0,1,1,0,0,0,0,0,,2
59,2,62.0,6.0,13.0,12.0,3,0,0,0,0,1,1,1,0,0,0,0,,2,4.0,4.0,,5,2,,2.0,0,0,0,1,0,0,0,0,,2
60,1,32.0,3.0,12.0,14.0,1,1,1,0,0,0,0,1,0,0,0,0,,2,3.0,2.0,,3,3,,4.0,1,0,1,1,0,0,0,0,,2
61,1,16.0,1.0,26.0,13.0,3,0,0,0,0,0,0,0,0,0,1,0,,2,3.0,3.0,,4,2,,3.0,0,0,0,0,0,1,0,0,,2
62,2,72.0,7.0,40.0,14.0,4,1,1,0,0,0,0,1,0,0,0,0,,2,3.0,5.0,,4,4,,4.0,0,0,0,0,0,1,0,0,,2
63,1,32.0,3.0,37.0,10.0,3,1,0,0,1,0,0,0,0,0,0,0,,2,1.0,5.0,,4,3,,3.0,0,0,0,0,0,0,1,0,,2
64,2,53.0,5.0,38.0,7.0,1,1,1,0,1,1,0,1,0,0,0,0,,2,3.0,2.0,,2,3,,2.0,1,1,0,1,0,0,0,0,,2
65,2,29.0,2.0,14.0,5.0,4,0,1,0,0,0,0,0,0,0,0,0,,2,4.0,5.0,,5,5,,2.0,0,0,0,1,0,0,0,0,,2
66,1,45.0,4.0,27.0,1.0,3,0,0,0,0,0,0,0,0,1,0,0,,2,3.0,4.0,,4,4,,3.0,0,0,1,0,0,0,0,0,,2
67,1,25.0,2.0,12.0,1.0,2,0,1,0,0,0,1,0,0,1,0,0,,2,3.0,5.0,,3,6,,4.0,0,0,1,0,0,0,1,0,,2
68,1,39.0,3.0,13.0,1.0,2,0,0,0,1,1,1,0,0,0,0,0,,1,2.0,2.0,,2,1,,2.0,0,0,0,0,0,1,0,0,,2
69,2,16.0,1.0,27.0,13.0,4,0,0,0,0,0,0,0,1,0,0,0,,2,3.0,5.0,,3,1,,3.0,1,0,0,1,0,0,0,0,,2
70,2,49.0,4.0,1.0,12.0,4,0,0,0,0,0,0,0,0,1,0,0,,2,3.0,5.0,,5,5,,3.0,0,0,1,0,0,0,0,0,,2
71,1,38.0,3.0,33.0,1.0,1,1,0,1,0,0,1,0,0,0,0,0,,1,1.0,2.0,,2,5,,2.0,0,0,0,1,1,0,0,0,,1
72,1,47.0,4.0,13.0,11.0,2,0,1,0,0,0,0,0,0,0,0,0,,2,3.0,5.0,,4,6,,2.0,0,0,0,1,0,0,0,0,,2
73,2,55.0,5.0,46.0,10.0,2,0,0,0,1,0,0,1,0,0,0,0,,2,2.0,2.0,,3,3,,4.0,0,0,0,0,0,0,1,0,,2
74,1,25.0,2.0,27.0,10.0,4,0,1,0,0,0,1,1,0,0,0,0,,2,3.0,5.0,,4,2,,2.0,1,0,1,0,0,1,0,0,,2
75,2,30.0,3.0,14.0,6.0,3,0,0,0,1,1,0,0,1,0,0,0,,2,3.0,2.0,,2,6,,3.0,0,0,0,0,0,0,1,0,,1
76,1,28.0,2.0,11.0,13.0,2,0,0,0,0,0,0,0,1,0,0,0,,1,2.0,4.0,,2,2,,2.0,1,0,0,0,0,0,0,0,,2
77,2,42.0,4.0,34.0,12.0,3,0,0,1,0,1,0,0,1,0,0,0,,2,3.0,3.0,,3,6,,2.0,0,0,1,0,0,0,0,0,,2
78,2,43.0,4.0,13.0,1.0,2,1,0,0,0,0,1,0,1,1,0,0,,2,2.0,2.0,,4,6,,2.0,0,0,0,0,0,1,0,0,,2
79,1,24.0,2.0,1.0,10.0,2,1,0,0,0,0,0,1,1,0,0,0,,2,4.0,2.0,,5,6,,2.0,1,0,0,0,0,0,0,0,,2
80,1,73.0,7.0,26.0,14.0,1,0,1,0,0,0,0,0,0,0,0,0,,2,3.0,4.0,,3,2,,3.0,0,0,1,0,0,0,1,0,,2
81,2,40.0,4.0,1.0,2.0,2,0,0,0,1,0,0,1,0,0,0,0,,2,2.0,3.0,,4,4,,3.0,0,0,0,1,0,1,0,0,,2
82,2,25.0,2.0,1.0,1.0,3,0,1,0,0,0,0,0,0,0,0,0,,2,2.0,6.0,無し,4,7,わからない,4.0,0,0,0,0,0,0,0,1,わからない,2
83,1,25.0,2.0,13.0,14.0,2,0,1,0,1,1,0,0,0,0,0,0,,2,2.0,5.0,,4,3,,3.0,0,1,0,0,0,0,0,0,,2
84,2,29.0,2.0,21.0,1.0,1,1,0,0,0,0,0,1,1,0,0,0,,2,1.0,3.0,,4,2,,3.0,0,0,0,0,0,1,0,0,,2
85,2,17.0,1.0,10.0,13.0,1,0,1,0,1,0,0,1,0,0,0,0,,2,3.0,1.0,,2,4,,1.0,1,1,0,1,0,0,0,0,,2
86,1,58.0,5.0,23.0,1.0,3,0,0,0,0,1,0,1,1,0,0,0,,2,2.0,3.0,,4,3,,4.0,0,0,1,0,0,1,0,0,,2
87,2,27.0,2.0,12.0,1.0,4,1,0,0,1,0,0,0,1,0,0,0,,2,4.0,1.0,,3,1,,1.0,0,0,0,1,0,0,0,0,,2
88,1,60.0,6.0,14.0,14.0,4,1,0,0,0,0,0,0,0,0,0,0,,2,4.0,5.0,,5,6,,4.0,0,1,0,0,0,0,0,0,,2
89,2,18.0,1.0,23.0,13.0,3,1,1,0,0,0,0,1,0,0,0,0,,2,3.0,2.0,,4,6,,4.0,0,0,0,1,0,0,0,0,,2
90,2,56.0,5.0,22.0,12.0,4,0,1,0,1,1,1,1,0,1,0,0,,2,1.0,5.0,,5,6,,4.0,0,0,0,0,0,0,0,1,AIは、やめてほしい,2
91,1,18.0,1.0,28.0,1.0,2,0,1,0,0,0,0,0,0,0,0,0,,2,2.0,4.0,,5,1,,3.0,0,0,0,0,0,0,0,1,なし,2
92,1,47.0,4.0,22.0,7.0,4,0,0,0,0,0,1,0,0,0,0,0,,2,4.0,4.0,,4,4,,3.0,0,0,0,0,0,1,0,0,,2
93,1,58.0,5.0,11.0,4.0,1,0,0,1,1,1,0,0,0,0,0,0,,1,1.0,2.0,,2,3,,2.0,0,0,0,1,1,0,1,0,,2
94,2,44.0,4.0,40.0,10.0,2,0,1,1,0,1,1,1,0,0,0,0,,2,3.0,5.0,,4,3,,2.0,0,1,0,0,0,0,0,0,,2
95,2,62.0,6.0,13.0,4.0,4,0,0,0,1,0,0,0,1,0,0,0,,2,2.0,5.0,,4,3,,2.0,0,1,0,1,0,0,0,0,,2
96,1,36.0,3.0,23.0,10.0,2,0,1,1,0,0,1,0,1,0,0,0,,2,3.0,3.0,,5,4,,2.0,1,0,0,0,1,1,0,0,,2
97,2,40.0,4.0,26.0,14.0,3,1,0,0,0,0,0,1,0,0,0,0,,2,3.0,3.0,,3,6,,4.0,0,0,0,1,0,0,0,0,,1
98,1,24.0,2.0,13.0,1.0,2,0,0,0,1,0,0,1,1,0,0,0,,2,2.0,5.0,,3,3,,2.0,1,0,1,0,0,1,0,0,,2
99,1,62.0,6.0,13.0,11.0,3,0,1,0,0,1,0,1,1,0,0,0,,2,1.0,5.0,,1,6,,2.0,1,0,0,0,0,0,0,0,,2
100,2,65.0,6.0,9.0,6.0,2,0,0,0,0,1,1,1,0,0,0,0,,2,2.0,6.0,特にない,5,6,,3.0,0,0,0,0,0,0,0,1,わからない,2
101,2,68.0,6.0,27.0,12.0,2,0,0,1,0,1,0,1,0,0,0,0,,2,2.0,6.0,職人さんの独自性が無くなりそう、上記には魅力は感じない,4,3,,3.0,0,0,0,0,0,0,0,1,実際に見ないとわからない。,2
102,1,27.0,2.0,11.0,1.0,3,0,0,0,0,0,1,1,1,0,0,0,,2,3.0,1.0,,3,3,,2.0,1,0,0,0,0,1,0,0,,2
103,2,51.0,5.0,23.0,5.0,4,0,0,0,0,0,0,1,0,0,0,0,,2,3.0,1.0,,5,3,,1.0,0,0,0,0,0,0,1,0,,2
104,1,18.0,1.0,7.0,13.0,3,1,1,0,1,0,1,1,0,0,1,0,,2,1.0,5.0,,5,6,,3.0,1,0,1,1,0,0,0,0,,2
105,2,57.0,5.0,5.0,10.0,3,0,1,0,1,0,0,1,0,0,0,0,,2,2.0,3.0,,4,3,,2.0,0,0,0,1,0,0,0,0,,2
106,1,18.0,1.0,32.0,13.0,2,1,0,1,1,1,1,1,0,0,1,0,,2,2.0,2.0,,2,3,,2.0,1,1,1,1,1,1,0,0,,2
107,1,28.0,2.0,13.0,1.0,3,0,0,0,0,0,0,0,1,1,0,0,,2,3.0,4.0,,4,5,,4.0,0,1,0,0,0,0,0,0,,2
108,2,34.0,3.0,29.0,5.0,2,0,1,0,0,1,0,1,0,0,0,0,,2,2.0,4.0,,5,6,,3.0,0,0,0,0,0,0,1,0,,2
109,1,26.0,2.0,14.0,1.0,2,0,0,0,0,0,0,0,1,0,1,0,,1,2.0,2.0,,2,6,,3.0,0,0,0,0,0,1,0,0,,2
110,1,24.0,2.0,13.0,1.0,4,1,0,0,0,0,0,0,0,0,0,0,,2,4.0,5.0,,5,2,,4.0,0,0,0,1,0,0,0,0,,2
111,1,19.0,1.0,46.0,10.0,3,0,0,0,1,0,0,0,0,0,0,0,,2,3.0,2.0,,4,3,,2.0,0,0,0,0,0,0,1,0,,2
112,1,19.0,1.0,11.0,1.0,2,0,1,0,0,0,1,1,0,0,0,0,,2,1.0,3.0,,5,3,,4.0,0,0,0,0,0,0,1,0,,2
113,2,40.0,4.0,26.0,4.0,1,0,1,0,0,0,0,0,0,0,0,0,,2,2.0,4.0,,4,5,,3.0,0,0,0,0,0,0,1,0,,2
114,1,24.0,2.0,13.0,1.0,4,0,0,0,0,0,0,1,0,0,0,0,,2,4.0,3.0,,2,2,,3.0,0,0,0,1,0,0,0,0,,2
115,1,35.0,3.0,40.0,1.0,3,0,1,0,0,0,1,1,0,0,0,0,,2,2.0,3.0,,3,2,,2.0,0,0,0,0,0,0,1,0,,2
116,2,22.0,2.0,27.0,13.0,4,1,0,0,0,0,0,0,0,0,0,0,,2,4.0,5.0,,5,3,,4.0,0,0,0,0,1,0,0,0,,2
117,1,62.0,6.0,26.0,14.0,2,0,1,0,1,0,1,1,0,0,0,0,,2,3.0,4.0,,5,3,,3.0,0,0,0,0,0,0,1,0,,2
118,1,42.0,4.0,13.0,1.0,4,0,0,0,0,0,0,1,0,0,0,0,,2,1.0,4.0,,5,6,,4.0,1,0,0,0,0,0,0,0,,2
119,1,19.0,1.0,11.0,13.0,2,1,0,0,0,1,0,1,0,0,0,0,,2,2.0,5.0,,4,6,,4.0,0,1,1,0,0,1,0,0,,2
120,1,55.0,5.0,26.0,4.0,3,1,0,0,0,0,0,0,0,0,0,0,,2,3.0,5.0,,4,2,,4.0,0,0,0,0,0,0,1,0,,2
121,1,57.0,5.0,13.0,5.0,4,0,0,0,1,0,0,0,0,1,0,0,,2,3.0,2.0,,3,4,,2.0,0,0,0,0,0,0,1,0,,2
122,1,38.0,3.0,22.0,11.0,1,0,1,0,1,0,0,1,0,0,0,0,,2,2.0,2.0,,2,4,,1.0,1,0,0,0,1,0,1,0,,2
123,1,39.0,3.0,30.0,2.0,1,0,0,0,0,0,0,0,0,1,0,0,,1,1.0,1.0,,1,3,,1.0,0,0,0,0,0,0,1,0,,1
124,2,27.0,2.0,3.0,1.0,3,1,1,1,0,0,0,1,0,0,0,0,,2,2.0,1.0,,2,1,,2.0,1,0,0,0,0,0,0,0,,2
125,1,71.0,7.0,13.0,10.0,2,0,1,0,0,0,0,0,0,0,0,0,,2,2.0,3.0,,3,3,,3.0,0,1,0,0,0,0,0,0,,2
126,1,55.0,5.0,38.0,3.0,2,0,1,0,1,1,0,0,0,0,0,0,,2,3.0,3.0,,3,1,,2.0,1,0,0,0,0,0,0,0,,2
127,2,39.0,3.0,13.0,1.0,4,1,0,0,0,0,1,0,0,0,0,0,,2,2.0,2.0,,4,6,,2.0,0,0,0,0,1,0,1,0,,2
128,2,47.0,4.0,22.0,1.0,4,0,0,0,1,0,0,0,0,0,0,0,,2,4.0,5.0,,4,2,,3.0,1,0,0,0,0,0,0,0,,2
129,2,58.0,5.0,12.0,6.0,2,1,0,1,0,1,1,0,0,0,0,0,,2,2.0,2.0,,2,2,,3.0,0,0,0,0,0,0,1,0,,2
130,2,60.0,6.0,36.0,10.0,4,1,1,1,0,1,1,1,0,1,1,0,,2,2.0,5.0,,5,4,,4.0,0,0,1,1,0,1,0,0,,2
131,2,45.0,4.0,8.0,12.0,3,0,1,0,1,1,1,1,1,0,0,0,,2,4.0,2.0,,4,4,,2.0,0,0,1,1,0,0,0,0,,2
132,1,18.0,1.0,11.0,13.0,3,0,0,1,0,0,0,0,0,0,0,0,,2,2.0,4.0,,3,6,,3.0,1,0,0,0,0,0,0,0,,2
133,2,50.0,5.0,33.0,5.0,2,1,1,0,1,1,1,1,1,0,0,0,,2,2.0,5.0,,4,2,,2.0,1,0,1,1,0,0,0,0,,2
134,1,30.0,3.0,14.0,13.0,4,0,0,0,0,0,0,0,0,1,0,0,,2,1.0,5.0,,4,4,,3.0,0,0,0,0,0,0,1,0,,2
135,2,63.0,6.0,23.0,10.0,2,0,1,0,1,1,1,1,0,0,0,0,,2,3.0,5.0,,3,4,,2.0,0,0,1,0,0,0,0,0,,2
136,1,79.0,7.0,28.0,14.0,2,0,1,0,0,0,0,1,0,0,0,0,,2,3.0,2.0,,2,3,,2.0,1,0,0,0,0,0,0,0,,2
137,1,48.0,4.0,40.0,5.0,4,0,0,0,0,0,0,1,0,0,0,0,,2,1.0,3.0,,4,3,,3.0,0,0,0,1,0,0,0,0,,2
138,1,42.0,4.0,30.0,4.0,2,0,0,0,0,0,0,1,0,0,0,0,,2,3.0,3.0,,2,3,,3.0,1,0,0,0,0,0,0,0,,2
139,1,37.0,3.0,11.0,4.0,2,0,1,0,1,1,0,0,0,0,0,0,,2,2.0,2.0,,4,6,,2.0,1,0,0,0,0,0,0,0,,2
140,1,36.0,3.0,23.0,1.0,3,0,1,0,0,0,1,1,0,0,0,0,,2,2.0,1.0,,4,3,,3.0,0,1,0,1,0,1,0,0,,2
141,2,18.0,1.0,28.0,13.0,4,0,0,0,0,0,0,1,0,0,0,0,,2,2.0,1.0,,5,1,,4.0,0,0,0,1,0,0,0,0,,2
142,1,52.0,5.0,28.0,10.0,4,0,0,0,0,0,0,1,0,0,0,0,,2,1.0,1.0,,5,6,,1.0,0,0,0,1,0,0,0,0,,2
143,1,39.0,3.0,15.0,10.0,3,0,0,1,0,0,1,1,0,0,0,0,,2,2.0,2.0,,4,2,,4.0,1,1,0,1,0,0,0,0,,2
144,1,28.0,2.0,11.0,14.0,4,0,0,0,1,0,0,0,0,0,0,0,,2,4.0,5.0,,5,1,,4.0,0,0,0,1,0,0,0,0,,2
145,2,27.0,2.0,13.0,1.0,3,0,0,0,1,1,0,0,1,0,0,0,,2,3.0,3.0,,3,3,,2.0,0,0,0,1,1,0,0,0,,2
146,1,44.0,4.0,27.0,1.0,2,0,0,1,0,0,1,1,0,1,0,0,,2,3.0,5.0,,3,1,,4.0,0,0,0,1,0,0,0,0,,2
147,2,24.0,2.0,13.0,13.0,1,0,0,0,1,0,0,1,0,0,0,0,,1,2.0,3.0,,1,2,,2.0,1,0,0,1,0,0,0,0,,1
148,2,39.0,3.0,26.0,10.0,3,1,0,0,1,0,1,0,0,0,0,0,,2,2.0,5.0,,3,3,,3.0,0,0,0,0,0,0,1,0,,2
149,1,25.0,2.0,1.0,2.0,3,0,1,0,0,0,0,0,0,0,0,0,,2,2.0,3.0,,2,6,,2.0,0,0,1,0,0,0,0,0,,2
150,2,17.0,1.0,2.0,13.0,4,0,0,0,0,0,0,0,0,0,1,0,,2,4.0,2.0,,3,1,,4.0,0,0,0,0,0,1,0,0,,2
151,1,31.0,3.0,27.0,1.0,4,0,0,0,0,0,0,0,0,1,0,0,,2,4.0,5.0,,4,4,,2.0,0,0,0,0,1,0,0,0,,2
152,1,27.0,2.0,28.0,1.0,4,0,0,0,0,0,0,0,0,1,0,0,,2,3.0,5.0,,3,4,,2.0,0,0,0,0,0,0,1,0,,2
153,1,26.0,2.0,27.0,14.0,3,1,0,0,1,0,0,0,0,0,1,0,,2,1.0,4.0,,4,1,,4.0,0,0,0,0,0,0,1,0,,2
154,2,33.0,3.0,25.0,1.0,2,1,1,0,1,1,1,1,1,0,0,0,,2,2.0,5.0,,3,6,,4.0,0,0,1,1,0,0,0,0,,2
155,2,28.0,2.0,12.0,9.0,3,1,0,1,0,0,0,0,0,1,0,0,,2,3.0,5.0,,3,2,,2.0,0,0,1,0,0,0,0,0,,2
156,1,19.0,1.0,14.0,13.0,3,0,1,0,0,0,0,1,1,0,0,0,,2,2.0,3.0,,4,3,,3.0,0,0,0,0,0,0,1,0,,2
157,1,25.0,2.0,13.0,14.0,3,0,0,0,0,0,0,1,0,0,0,0,,2,2.0,5.0,,1,3,,3.0,1,0,0,0,0,0,0,0,,2
158,1,62.0,6.0,13.0,1.0,2,0,0,0,1,0,1,1,0,0,0,0,,2,2.0,5.0,,4,4,,3.0,0,0,0,0,0,0,1,0,,2
159,2,48.0,4.0,7.0,9.0,3,0,0,0,1,0,0,0,0,0,0,0,,2,2.0,2.0,,3,3,,2.0,0,0,1,0,0,0,0,0,,2
160,2,45.0,4.0,13.0,10.0,4,0,1,0,0,1,0,1,0,0,0,0,,2,2.0,3.0,,2,3,,3.0,0,0,0,0,0,0,1,0,,2
161,2,74.0,7.0,13.0,12.0,2,1,1,0,0,1,1,0,0,0,0,0,,2,3.0,5.0,,5,6,,4.0,0,1,0,0,0,0,0,0,,2
162,1,77.0,7.0,43.0,14.0,2,0,1,0,0,0,0,0,1,0,0,0,,2,2.0,2.0,,4,4,,2.0,1,0,0,0,0,0,0,0,,2
163,1,35.0,3.0,23.0,1.0,2,0,0,1,1,1,1,1,1,0,1,0,,2,3.0,3.0,,2,4,,3.0,1,1,1,0,0,0,0,0,,2
164,2,24.0,2.0,8.0,13.0,1,0,0,0,0,0,0,0,0,1,1,0,,1,1.0,2.0,,1,1,,3.0,1,0,0,0,0,0,0,0,,1
165,2,28.0,2.0,13.0,5.0,4,0,1,0,0,1,0,1,0,0,0,0,,2,3.0,2.0,,5,3,,4.0,1,1,0,1,0,0,0,0,,2
166,2,48.0,4.0,24.0,1.0,3,0,0,0,0,0,0,0,1,0,0,0,,2,3.0,3.0,,4,4,,3.0,0,0,1,0,0,0,0,0,,2
167,2,40.0,4.0,13.0,1.0,2,0,1,0,1,1,0,1,0,0,0,0,,2,2.0,4.0,,3,4,,2.0,1,0,0,1,1,0,0,0,,2
168,1,26.0,2.0,4.0,1.0,4,0,0,1,0,0,0,0,0,0,0,0,,2,4.0,5.0,,5,2,,4.0,0,0,0,0,1,0,0,0,,2
169,2,58.0,5.0,27.0,6.0,4,0,1,0,0,0,1,1,1,0,0,0,,2,3.0,5.0,,5,6,,3.0,0,0,0,0,0,0,1,0,,2
170,2,36.0,3.0,21.0,10.0,4,1,0,0,0,0,0,0,0,0,0,0,,2,4.0,5.0,,4,3,,4.0,0,0,0,0,1,0,0,0,,2
171,2,59.0,5.0,14.0,12.0,4,0,0,1,0,0,0,0,0,1,0,0,,2,3.0,2.0,,2,1,,2.0,0,0,0,1,0,0,0,0,,2
172,2,65.0,6.0,27.0,12.0,2,0,1,0,1,0,0,1,0,0,0,0,,2,2.0,5.0,,4,3,,3.0,1,1,0,1,0,0,0,0,,2
173,1,24.0,2.0,42.0,1.0,3,0,0,1,0,0,0,0,0,0,0,0,,2,3.0,3.0,,3,2,,2.0,0,0,1,0,0,0,0,0,,2
174,2,21.0,2.0,4.0,1.0,4,0,0,0,0,0,1,0,0,0,0,0,,2,4.0,5.0,,5,5,,4.0,0,0,0,0,0,0,1,0,,2
175,1,46.0,4.0,27.0,1.0,2,0,0,1,0,1,1,0,0,0,0,0,,1,3.0,5.0,,3,6,,1.0,0,1,0,1,0,1,0,0,,2
176,1,29.0,2.0,18.0,1.0,1,1,0,0,0,0,1,0,1,0,0,0,,1,1.0,2.0,,1,6,,2.0,0,0,0,0,0,1,0,0,,1
177,2,47.0,4.0,14.0,1.0,2,1,1,0,0,1,0,0,1,0,0,0,,2,2.0,4.0,,3,1,,2.0,0,0,1,0,0,0,0,0,,2
178,2,62.0,6.0,1.0,12.0,4,0,1,0,0,0,1,0,0,0,0,0,,2,2.0,5.0,,5,3,,4.0,1,0,0,1,0,0,0,0,,2
179,1,19.0,1.0,39.0,1.0,4,0,0,1,0,0,0,0,0,0,0,0,,2,3.0,5.0,,5,4,,3.0,0,0,0,0,1,0,1,0,,2
180,1,35.0,3.0,1.0,1.0,3,0,1,0,1,0,1,1,0,0,0,0,,2,2.0,3.0,,3,6,,4.0,0,0,0,0,0,0,1,0,,2
181,2,37.0,3.0,11.0,5.0,4,1,0,0,0,0,0,0,0,0,0,0,,2,4.0,5.0,,4,5,,3.0,0,1,0,0,0,0,0,0,,2
182,2,76.0,7.0,14.0,12.0,3,1,0,0,0,1,0,1,0,0,0,0,,2,2.0,2.0,,3,3,,2.0,1,0,1,1,0,0,0,0,,2
183,2,33.0,3.0,17.0,14.0,2,1,0,0,0,0,0,0,0,0,0,0,,2,2.0,4.0,,3,4,,2.0,0,0,0,1,0,0,0,0,,2
184,1,52.0,5.0,25.0,6.0,4,0,1,0,0,1,0,1,1,0,0,0,,2,1.0,3.0,,4,2,,2.0,0,1,0,1,0,0,0,0,,2
185,1,34.0,3.0,28.0,14.0,3,0,1,0,1,0,0,0,0,0,0,0,,2,3.0,6.0,技術の継承,2,6,,4.0,0,0,0,0,0,0,1,0,,2
186,1,44.0,4.0,1.0,6.0,3,0,0,1,0,0,0,0,1,1,0,0,,2,3.0,1.0,,2,1,,2.0,0,1,0,0,1,1,0,0,,2
187,2,37.0,3.0,11.0,12.0,2,1,1,0,0,1,0,0,0,0,0,0,,2,3.0,1.0,,3,6,,2.0,1,0,1,1,0,0,0,0,,2
188,2,48.0,4.0,14.0,10.0,2,0,1,1,0,0,1,0,0,0,0,0,,2,2.0,3.0,,4,3,,2.0,0,0,0,0,0,0,1,0,,2
189,1,33.0,3.0,29.0,14.0,4,1,0,0,0,0,0,0,0,0,0,0,,2,4.0,5.0,,5,2,,4.0,0,0,1,0,0,0,0,0,,2
190,2,65.0,6.0,23.0,12.0,3,0,0,0,0,0,1,0,0,0,0,0,,2,3.0,5.0,,4,3,,2.0,0,0,0,0,0,1,0,0,,2
191,1,36.0,3.0,12.0,1.0,2,0,0,0,1,0,0,1,0,0,0,0,,2,3.0,3.0,,3,6,,4.0,1,0,1,1,0,0,0,0,,2
192,2,27.0,2.0,13.0,5.0,4,0,1,0,0,0,0,0,0,0,0,0,,2,4.0,5.0,,3,1,,4.0,0,0,0,1,0,0,0,0,,2
193,2,61.0,6.0,24.0,14.0,2,0,1,0,1,1,0,1,0,0,0,0,,2,3.0,2.0,,2,5,,2.0,0,1,0,0,1,1,0,0,,2
194,1,34.0,3.0,13.0,4.0,2,0,1,0,0,1,0,0,0,0,0,0,,1,3.0,3.0,,3,4,,2.0,0,1,1,0,0,0,0,0,,2
195,2,39.0,3.0,14.0,10.0,4,0,0,1,0,0,0,0,0,0,0,0,,2,4.0,5.0,,4,1,,3.0,1,1,0,0,0,0,1,0,,2
196,1,39.0,3.0,11.0,10.0,4,0,0,0,0,0,1,0,0,1,0,0,,2,2.0,3.0,,3,4,,1.0,0,0,0,1,0,0,0,0,,2
197,2,51.0,5.0,11.0,10.0,2,1,1,1,0,0,1,1,0,0,0,0,,2,2.0,4.0,,4,2,,4.0,1,0,1,1,0,0,0,0,,2
198,2,64.0,6.0,15.0,12.0,3,1,0,0,0,1,0,1,0,0,0,0,,2,2.0,5.0,,4,2,,3.0,0,0,1,1,0,0,0,0,,2
199,2,61.0,6.0,30.0,12.0,3,1,0,1,0,1,0,0,0,0,0,0,,2,2.0,1.0,,4,1,,4.0,0,0,0,1,0,0,0,0,,2
200,2,57.0,5.0,23.0,4.0,2,1,1,0,1,0,0,0,0,0,0,0,,2,2.0,3.0,,5,6,,2.0,0,1,0,0,0,0,0,0,,2
201,1,28.0,2.0,13.0,4.0,1,0,0,0,0,1,0,0,0,0,0,0,,1,4.0,5.0,,3,6,,4.0,1,0,0,0,0,0,0,0,,2
202,2,19.0,1.0,8.0,13.0,3,0,0,0,0,0,0,0,1,0,0,0,,2,3.0,4.0,,4,6,,4.0,0,0,0,0,0,1,0,0,,2
203,2,54.0,5.0,6.0,12.0,2,0,1,0,0,0,0,1,0,0,0,0,,2,3.0,3.0,,5,6,,4.0,0,0,0,0,0,1,0,0,,2
204,1,24.0,2.0,28.0,14.0,3,0,0,0,1,0,0,0,1,0,0,0,,2,2.0,5.0,,4,2,,4.0,0,0,0,0,0,0,1,0,,2
205,1,61.0,6.0,27.0,2.0,3,0,1,0,1,1,0,1,0,0,0,0,,2,1.0,2.0,,5,1,,4.0,0,0,0,1,0,0,0,0,,2
206,1,25.0,2.0,8.0,14.0,4,0,0,0,1,0,0,1,0,0,0,0,,2,4.0,4.0,,1,5,,3.0,0,0,0,0,1,0,1,0,,2
207,2,35.0,3.0,13.0,12.0,4,1,0,1,0,0,0,1,0,0,0,0,,2,3.0,2.0,,3,1,,2.0,0,0,1,0,1,1,0,0,,2
208,1,17.0,1.0,27.0,13.0,1,1,1,0,1,0,0,1,0,0,0,0,,2,2.0,1.0,,3,3,,3.0,0,0,0,1,0,0,0,0,,2
209,1,48.0,4.0,37.0,14.0,2,1,0,0,0,0,1,0,1,0,0,0,,2,2.0,2.0,,4,2,,3.0,0,0,1,0,0,0,0,0,,2
210,2,15.0,1.0,43.0,13.0,4,0,0,0,1,0,0,0,0,0,0,0,,2,4.0,5.0,,4,6,,4.0,0,0,0,0,1,0,0,0,,1
211,2,28.0,2.0,13.0,2.0,2,1,1,0,0,1,0,0,0,0,1,0,,2,2.0,2.0,,3,3,,2.0,1,1,1,0,0,0,0,0,,2
212,1,24.0,2.0,17.0,2.0,2,0,0,0,0,0,0,0,0,1,0,0,,2,2.0,4.0,,3,5,,2.0,0,0,0,0,0,0,1,0,,2
213,1,24.0,2.0,42.0,11.0,2,0,1,0,0,0,0,1,1,0,0,0,,2,3.0,3.0,,4,6,,2.0,1,1,1,0,0,0,0,0,,2
214,1,46.0,4.0,27.0,8.0,3,0,1,0,1,0,0,1,0,0,0,0,,2,3.0,1.0,,4,4,,2.0,1,0,0,1,0,1,0,0,,2
215,1,68.0,6.0,27.0,14.0,2,1,1,1,1,1,1,1,1,0,0,0,,2,3.0,4.0,,5,3,,4.0,1,1,0,1,0,0,0,0,,2
216,2,29.0,2.0,14.0,10.0,4,0,0,0,0,0,0,0,0,1,0,0,,2,4.0,4.0,,3,4,,4.0,0,1,0,0,0,0,0,0,,2
217,1,54.0,5.0,11.0,3.0,2,1,1,0,0,1,1,1,1,0,0,0,,2,2.0,1.0,,3,6,,3.0,1,0,1,1,0,0,0,0,,2
218,1,40.0,4.0,40.0,10.0,4,0,0,0,0,1,0,1,0,0,0,0,,2,3.0,5.0,,4,6,,2.0,0,0,0,0,0,0,1,0,,2
219,2,55.0,5.0,23.0,12.0,2,0,1,0,0,1,0,0,0,0,0,0,,2,2.0,2.0,,2,6,,3.0,0,1,0,0,0,0,0,0,,2
220,1,76.0,7.0,36.0,14.0,3,1,0,1,0,0,1,1,0,0,0,0,,1,2.0,2.0,,5,6,,2.0,0,0,0,0,0,1,0,0,,2
221,2,42.0,4.0,26.0,10.0,4,0,0,0,1,0,0,0,0,0,0,0,,2,2.0,3.0,,4,4,,3.0,0,0,1,0,1,0,0,0,,2
222,2,29.0,2.0,14.0,10.0,4,0,0,0,1,0,0,0,0,0,0,0,,2,4.0,3.0,,5,6,,2.0,1,0,0,0,0,0,0,0,,2
223,2,43.0,4.0,28.0,5.0,4,0,1,0,0,0,0,0,0,0,0,0,,2,4.0,5.0,,3,3,,3.0,0,0,0,0,0,1,0,0,,2
224,1,54.0,5.0,28.0,1.0,2,1,0,0,0,1,0,1,0,0,0,0,,2,2.0,3.0,,4,3,,3.0,0,0,1,0,0,0,0,0,,2
225,2,26.0,2.0,20.0,10.0,4,0,0,0,0,0,0,0,1,0,0,0,,2,4.0,5.0,,4,5,,4.0,0,0,0,0,0,0,1,0,,2
226,2,42.0,4.0,9.0,5.0,3,0,1,0,0,0,0,1,0,0,1,0,,2,2.0,2.0,,4,3,,2.0,0,1,1,0,0,0,0,0,,2
227,1,44.0,4.0,12.0,14.0,3,0,0,0,1,0,0,0,0,0,0,0,,2,3.0,4.0,,5,3,,4.0,0,0,1,0,0,0,0,0,,2
228,2,73.0,7.0,28.0,12.0,2,0,1,0,1,0,1,1,1,0,0,0,,2,2.0,3.0,,2,1,,2.0,0,0,0,0,0,1,0,0,,2
229,2,25.0,2.0,30.0,10.0,4,0,0,0,0,0,0,0,0,1,0,0,,2,4.0,4.0,,5,4,,3.0,0,0,0,0,1,0,0,0,,2
230,1,59.0,5.0,40.0,4.0,2,0,1,0,0,0,0,1,1,0,0,0,,2,1.0,5.0,,1,6,,3.0,0,0,0,0,0,0,1,0,,2
231,2,39.0,3.0,22.0,12.0,4,0,1,0,0,1,0,1,0,0,0,0,,2,3.0,5.0,,4,3,,4.0,0,1,0,0,0,0,0,0,,2
232,1,62.0,6.0,28.0,10.0,4,0,0,0,0,0,0,0,1,0,0,0,,2,4.0,1.0,,5,6,,4.0,0,1,0,0,0,0,0,0,,2
233,1,53.0,5.0,12.0,1.0,3,0,1,0,0,1,0,1,0,0,0,0,,2,2.0,1.0,,3,3,,2.0,0,0,0,1,1,0,1,0,,2
234,2,38.0,3.0,12.0,10.0,1,1,1,0,1,1,0,1,1,0,0,0,,2,2.0,5.0,,4,6,,3.0,0,0,0,1,0,0,0,0,,2
235,1,15.0,1.0,34.0,1.0,2,1,0,0,1,1,0,0,0,0,0,0,,2,2.0,1.0,,2,4,,2.0,0,1,1,0,0,1,0,0,,2
236,2,29.0,2.0,8.0,12.0,4,0,0,0,0,0,0,1,0,0,1,0,,2,3.0,4.0,,4,4,,3.0,0,0,0,0,0,1,0,0,,2
237,1,30.0,3.0,36.0,11.0,3,0,0,0,1,0,0,0,0,0,0,0,,2,3.0,5.0,,4,3,,3.0,0,0,0,0,0,1,0,0,,2
238,2,53.0,5.0,14.0,6.0,1,0,0,0,1,0,0,1,1,0,0,0,,2,2.0,1.0,,2,3,,2.0,1,1,0,1,0,0,0,0,,2
239,2,18.0,1.0,33.0,13.0,3,1,0,0,0,0,0,1,1,0,0,0,,2,3.0,4.0,,3,4,,4.0,1,0,0,0,0,0,1,0,,2
240,2,65.0,6.0,13.0,14.0,4,1,0,0,0,0,0,0,0,0,0,0,,2,4.0,5.0,,5,5,,4.0,1,0,0,0,0,0,0,0,,2
241,1,23.0,2.0,10.0,13.0,4,0,0,0,1,0,0,0,0,0,0,0,,2,4.0,5.0,,4,2,,4.0,0,0,0,0,1,0,0,0,,2
242,2,34.0,3.0,13.0,1.0,4,0,0,0,1,0,0,1,0,0,0,0,,2,4.0,5.0,,3,2,,4.0,0,0,0,1,1,0,0,0,,2
243,1,41.0,4.0,22.0,1.0,4,1,1,0,1,1,1,1,0,0,0,0,,2,2.0,5.0,,3,3,,3.0,1,1,0,0,0,0,0,0,,2
244,1,64.0,6.0,40.0,14.0,4,0,0,0,0,0,0,0,0,0,0,1,前問で興味なし,2,4.0,5.0,,4,2,,1.0,0,0,1,0,0,0,0,0,,2
245,2,27.0,2.0,1.0,10.0,4,0,1,0,0,0,0,0,0,0,0,0,,2,3.0,1.0,,5,6,,2.0,1,0,0,0,0,0,0,0,,2
246,2,59.0,5.0,13.0,12.0,1,0,1,1,1,1,1,1,0,0,0,0,,1,2.0,4.0,,2,1,,4.0,1,1,1,1,0,0,0,0,,2
247,1,28.0,2.0,15.0,4.0,1,0,0,0,0,0,0,0,1,0,0,0,,2,1.0,4.0,,4,4,,3.0,1,0,0,0,0,0,0,0,,2
248,1,32.0,3.0,36.0,2.0,1,1,1,0,0,0,0,1,0,0,0,0,,2,4.0,3.0,,2,3,,2.0,0,0,0,0,0,0,1,0,,2
249,1,61.0,6.0,33.0,1.0,2,0,1,0,0,1,0,1,0,0,0,0,,2,2.0,3.0,,3,3,,2.0,1,0,0,1,0,1,0,0,,2
250,1,18.0,1.0,31.0,13.0,3,0,0,0,0,1,0,1,0,0,0,0,,2,2.0,3.0,,4,6,,3.0,0,0,0,0,0,0,1,0,,2
251,2,19.0,1.0,22.0,13.0,1,0,1,0,0,0,0,0,0,0,0,0,,1,1.0,1.0,,1,3,,1.0,1,0,0,0,0,0,0,0,,1
252,1,26.0,2.0,1.0,10.0,3,0,0,1,0,1,0,1,0,0,0,0,,2,2.0,2.0,,2,4,,2.0,0,1,1,0,1,0,0,0,,2
253,1,17.0,1.0,22.0,13.0,1,0,0,0,0,0,0,0,1,0,0,0,,1,1.0,1.0,,1,4,,1.0,0,0,1,0,0,0,0,0,,1
254,1,39.0,3.0,25.0,6.0,2,0,0,0,0,0,0,1,0,0,0,0,,2,3.0,5.0,,4,6,,3.0,0,0,0,0,0,0,1,0,,2
255,1,71.0,7.0,20.0,14.0,3,0,0,0,0,1,0,0,0,0,0,0,,2,3.0,2.0,,2,3,,2.0,0,0,0,0,0,1,0,0,,2
256,2,17.0,1.0,26.0,13.0,2,1,1,0,0,0,1,1,1,0,0,0,,2,1.0,5.0,,3,6,,2.0,0,0,1,0,0,0,0,0,,2
257,1,23.0,2.0,14.0,13.0,3,0,0,1,0,0,0,0,0,1,0,0,,2,3.0,2.0,,2,1,,4.0,0,0,0,1,0,0,0,0,,2
258,1,19.0,1.0,15.0,13.0,2,1,1,0,0,0,0,1,0,0,0,0,,2,3.0,5.0,,3,6,,4.0,0,0,1,0,0,0,0,0,,2
259,2,36.0,3.0,7.0,9.0,2,0,1,0,0,0,0,1,1,0,0,0,,2,2.0,5.0,,3,6,,3.0,0,1,0,0,0,0,0,0,,2
260,2,29.0,2.0,13.0,4.0,2,0,0,0,0,0,0,1,0,0,0,0,,2,3.0,2.0,,4,1,,4.0,1,0,1,0,1,0,0,0,,2
261,2,16.0,1.0,40.0,13.0,3,1,0,0,0,0,0,0,0,0,0,0,,2,3.0,1.0,,3,2,,1.0,0,0,0,0,0,1,0,0,,2
262,1,17.0,1.0,13.0,13.0,2,1,0,0,1,1,0,0,0,0,0,0,,2,2.0,2.0,,3,1,,3.0,0,0,0,1,0,0,0,0,,2
263,2,27.0,2.0,11.0,1.0,2,0,1,1,0,0,0,0,0,0,0,0,,1,2.0,2.0,,2,2,,2.0,1,1,0,0,0,0,0,0,,2
264,1,18.0,1.0,20.0,13.0,2,0,0,0,0,0,0,1,1,0,0,0,,2,3.0,1.0,,2,3,,3.0,0,0,1,0,0,0,0,0,,2
265,2,63.0,6.0,40.0,14.0,1,0,1,0,0,0,0,1,1,0,0,0,,2,3.0,1.0,,2,4,,2.0,1,1,0,1,0,0,0,0,,2
266,1,49.0,4.0,13.0,1.0,4,0,0,0,1,0,0,0,0,0,0,0,,2,4.0,5.0,,4,6,,3.0,0,0,0,0,0,1,0,0,,2
267,2,20.0,2.0,23.0,13.0,3,1,0,0,0,0,1,0,0,0,0,0,,2,3.0,2.0,,3,4,,4.0,0,1,0,0,0,0,0,0,,2
268,1,36.0,3.0,15.0,14.0,4,0,1,0,1,1,1,1,0,1,0,0,,2,4.0,5.0,,2,6,,2.0,1,0,0,0,0,0,0,0,,2
269,2,28.0,2.0,15.0,3.0,2,0,0,0,0,1,1,0,0,0,0,0,,2,2.0,2.0,,3,3,,2.0,0,0,0,0,0,0,1,0,,2
270,1,29.0,2.0,22.0,1.0,2,1,0,0,1,0,1,0,0,0,0,0,,2,3.0,3.0,,2,4,,2.0,1,1,0,0,0,0,0,0,,2
271,2,61.0,6.0,24.0,12.0,3,0,1,0,1,0,0,1,0,0,0,0,,2,1.0,3.0,,5,7,無し,2.0,0,0,0,0,0,0,1,0,,2
272,1,16.0,1.0,37.0,13.0,3,0,0,0,0,0,0,1,0,0,0,0,,1,3.0,1.0,,2,4,,1.0,0,0,0,0,1,0,1,0,,2
273,1,37.0,3.0,14.0,1.0,4,0,0,1,0,0,0,0,0,0,0,0,,2,4.0,5.0,,5,1,,4.0,0,0,0,1,0,0,0,0,,2
274,1,47.0,4.0,14.0,10.0,3,0,1,0,0,0,0,0,0,1,0,0,,2,2.0,5.0,,2,3,,2.0,0,0,0,0,1,0,0,0,,2
275,2,23.0,2.0,13.0,10.0,4,0,0,0,0,0,0,1,0,0,0,0,,2,4.0,1.0,,5,1,,4.0,1,0,0,0,0,0,0,0,,2
276,1,35.0,3.0,13.0,2.0,1,1,0,0,1,1,0,1,0,0,0,0,,1,2.0,1.0,,4,5,,2.0,1,1,0,0,0,0,0,0,,1
277,2,29.0,2.0,25.0,9.0,2,1,0,0,0,0,1,0,0,0,0,0,,2,2.0,1.0,,2,1,,2.0,0,1,1,0,0,0,0,0,,2
278,1,70.0,7.0,1.0,5.0,2,0,0,0,0,1,0,1,0,0,0,0,,2,2.0,3.0,,3,1,,2.0,1,0,0,0,1,0,0,0,,2
279,2,62.0,6.0,3.0,12.0,2,0,1,0,0,1,0,1,0,0,0,0,,2,3.0,3.0,,2,3,,2.0,1,1,0,0,0,1,0,0,,2
280,1,24.0,2.0,12.0,2.0,4,0,0,0,0,0,1,0,0,0,0,0,,2,4.0,5.0,,5,1,,4.0,0,0,0,0,0,1,0,0,,2
281,1,23.0,2.0,13.0,13.0,3,0,0,0,0,0,0,1,1,0,0,0,,2,2.0,5.0,,3,3,,4.0,0,0,1,0,0,0,0,0,,2
282,1,24.0,2.0,26.0,2.0,3,0,1,0,0,1,0,1,0,0,0,0,,2,3.0,5.0,,4,2,,4.0,0,0,1,0,1,1,0,0,,2
283,1,59.0,5.0,11.0,1.0,2,0,1,0,0,0,1,0,1,0,0,0,,2,3.0,5.0,,4,3,,3.0,1,1,0,1,0,0,0,0,,2
284,1,62.0,6.0,14.0,1.0,3,0,0,0,1,0,0,0,0,1,0,0,,2,3.0,3.0,,4,1,,2.0,0,0,0,0,1,0,0,0,,2
285,1,16.0,1.0,27.0,13.0,3,0,1,0,0,0,1,1,0,0,0,0,,2,4.0,4.0,,5,3,,4.0,0,1,1,0,1,0,0,0,,2
286,2,63.0,6.0,14.0,12.0,2,1,1,1,0,1,1,1,0,0,0,0,,2,1.0,3.0,,4,6,,1.0,0,0,1,0,0,0,0,0,,2
287,2,25.0,2.0,12.0,1.0,4,0,0,0,0,0,0,1,0,0,0,0,,2,4.0,4.0,,4,4,,3.0,0,0,1,0,0,0,0,0,,2
288,2,25.0,2.0,43.0,1.0,2,1,0,0,0,0,0,1,0,0,0,0,,2,2.0,2.0,,4,6,,4.0,0,0,0,0,1,1,0,0,,2
289,2,37.0,3.0,8.0,1.0,3,0,0,0,0,1,0,0,0,0,0,0,,2,3.0,4.0,,3,5,,4.0,0,0,0,0,1,0,0,0,,2
290,1,15.0,1.0,34.0,10.0,2,0,1,0,1,1,1,1,1,0,0,0,,1,1.0,3.0,,2,4,,2.0,0,1,0,0,0,0,0,0,,2
291,2,74.0,7.0,15.0,14.0,2,0,1,0,0,0,0,1,1,0,0,0,,2,2.0,5.0,,3,2,,2.0,0,1,1,0,1,0,0,0,,2
292,1,48.0,4.0,34.0,2.0,4,0,0,0,0,1,0,0,0,0,0,0,,2,3.0,5.0,,4,3,,4.0,0,0,0,1,1,0,0,0,,2
293,1,40.0,4.0,14.0,1.0,2,0,0,0,0,0,0,0,0,0,1,0,,2,3.0,4.0,,4,6,,3.0,1,0,0,0,0,0,0,0,,2
294,2,58.0,5.0,12.0,10.0,1,1,0,0,1,0,0,1,0,0,0,0,,2,2.0,5.0,,3,3,,2.0,0,0,0,0,0,1,0,0,,2
295,2,17.0,1.0,11.0,13.0,1,0,0,0,0,0,0,0,0,1,0,0,,2,3.0,2.0,,2,2,,2.0,0,0,0,1,0,0,0,0,,1
296,1,27.0,2.0,13.0,1.0,4,0,0,0,0,0,0,0,1,0,0,0,,2,4.0,5.0,,5,4,,4.0,0,0,0,0,0,0,1,0,,2
297,1,24.0,2.0,27.0,10.0,3,1,1,0,0,0,0,0,0,0,0,0,,2,3.0,5.0,,3,5,,2.0,0,0,0,0,0,1,0,0,,2
298,2,27.0,2.0,27.0,12.0,2,0,0,0,0,0,1,0,0,0,0,0,,2,4.0,5.0,,4,5,,4.0,0,0,0,0,1,1,0,0,,2
299,2,16.0,1.0,13.0,8.0,3,0,1,0,0,0,0,0,0,0,0,0,,1,2.0,3.0,,2,6,,2.0,0,0,0,0,1,0,0,0,,1
300,1,61.0,6.0,40.0,3.0,3,0,1,0,0,0,0,1,0,0,0,0,,2,2.0,5.0,,4,6,,1.0,0,0,0,0,0,1,0,0,,2
301,1,31.0,3.0,25.0,1.0,4,0,0,0,0,0,1,0,0,0,1,0,,2,4.0,3.0,,3,4,,4.0,1,0,0,0,0,0,1,0,,2
302,2,19.0,1.0,29.0,13.0,1,1,1,0,0,0,0,0,0,1,0,0,,2,2.0,2.0,,3,5,,2.0,0,1,0,1,0,1,0,0,,2
303,2,39.0,3.0,13.0,12.0,2,1,1,0,1,1,1,1,1,0,0,0,,2,2.0,3.0,,4,3,,4.0,0,0,0,1,1,0,0,0,,2
304,1,63.0,6.0,23.0,10.0,4,0,1,0,0,1,0,1,0,0,0,0,,2,1.0,2.0,,4,3,,2.0,0,1,0,0,0,1,0,0,,2
305,1,37.0,3.0,14.0,2.0,1,1,0,1,0,0,0,1,1,0,1,0,,1,1.0,1.0,,5,2,,1.0,0,0,1,1,0,0,1,0,,2
306,1,24.0,2.0,37.0,14.0,4,0,0,0,0,1,1,0,1,0,0,0,,2,4.0,4.0,,3,2,,4.0,0,0,0,0,0,1,0,0,,2
307,1,24.0,2.0,13.0,14.0,2,0,0,1,1,0,0,1,0,0,0,0,,2,2.0,5.0,,4,6,,3.0,0,0,0,1,0,0,0,1,画一化されたデザイン,2
308,2,54.0,5.0,43.0,10.0,4,0,1,0,0,0,0,0,0,0,0,0,,2,3.0,3.0,,3,3,,2.0,0,0,0,1,0,0,0,0,,2
309,1,65.0,6.0,9.0,14.0,1,0,1,0,1,1,0,1,1,0,0,0,,2,2.0,5.0,,5,5,,3.0,0,0,0,0,0,0,0,1,美しさは加わらない,2
310,2,16.0,1.0,34.0,13.0,1,1,0,0,0,0,1,1,0,0,0,0,,2,1.0,4.0,,3,3,,3.0,0,0,1,1,0,0,1,0,,2
311,2,26.0,2.0,23.0,1.0,2,0,1,0,0,0,0,0,0,0,0,0,,2,3.0,2.0,,2,4,,2.0,0,0,0,0,0,0,1,0,,2
312,2,40.0,4.0,13.0,12.0,4,0,0,0,0,0,0,0,0,0,1,0,,2,3.0,5.0,,3,3,,4.0,0,1,0,0,0,0,0,0,,2
313,1,28.0,2.0,13.0,2.0,3,0,1,0,0,0,0,0,0,0,0,0,,2,1.0,3.0,,5,4,,4.0,0,0,0,0,0,0,1,0,,2
314,2,72.0,7.0,27.0,12.0,3,0,0,0,1,0,0,0,0,0,0,0,,2,2.0,3.0,,3,2,,3.0,0,1,0,0,1,1,0,0,,2
315,1,57.0,5.0,38.0,9.0,1,0,1,0,0,1,0,1,0,0,0,0,,2,2.0,3.0,,2,5,,2.0,0,0,0,0,0,1,0,0,,2
316,2,47.0,4.0,33.0,1.0,3,0,0,0,0,0,0,1,0,0,0,0,,2,3.0,1.0,,3,1,,2.0,0,0,0,0,0,1,0,0,,2
317,1,38.0,3.0,1.0,1.0,4,0,0,0,0,0,0,0,1,0,0,0,,2,4.0,5.0,,5,2,,4.0,0,0,0,0,0,1,0,0,,2
318,1,40.0,4.0,27.0,14.0,4,0,0,0,1,0,0,0,0,0,0,0,,2,1.0,3.0,,4,2,,3.0,0,0,0,0,0,0,1,0,,2
319,2,69.0,6.0,13.0,14.0,4,0,0,0,1,0,0,1,0,0,0,0,,2,2.0,1.0,,5,2,,3.0,1,0,1,1,0,0,0,0,,2
320,2,17.0,1.0,29.0,13.0,3,0,0,1,0,0,1,1,0,0,0,0,,2,3.0,3.0,,5,4,,4.0,0,0,0,0,0,1,0,0,,2
321,1,47.0,4.0,33.0,2.0,3,0,1,0,1,0,0,0,1,0,0,0,,2,3.0,2.0,,2,3,,2.0,1,0,0,0,0,1,0,0,,2
322,2,63.0,6.0,29.0,12.0,3,0,1,0,0,1,0,1,1,0,0,0,,2,2.0,2.0,,4,2,,2.0,1,0,0,0,0,0,0,0,,2
323,2,49.0,4.0,10.0,1.0,4,0,1,0,1,0,0,1,0,0,0,0,,2,2.0,5.0,,4,4,,4.0,1,0,0,1,0,0,0,0,,2
324,2,22.0,2.0,14.0,13.0,2,0,1,0,0,0,1,1,0,0,0,0,,2,2.0,5.0,,3,6,,3.0,0,0,0,0,0,0,1,0,,2
325,1,15.0,1.0,32.0,13.0,3,1,0,0,1,0,1,1,1,0,0,0,,2,3.0,3.0,,4,6,,2.0,1,0,1,0,0,1,0,0,,2
326,1,48.0,4.0,33.0,1.0,1,0,0,0,0,1,0,0,0,0,0,0,,1,2.0,2.0,,2,6,,2.0,0,1,0,0,0,0,0,0,,2
327,2,62.0,6.0,27.0,14.0,2,0,1,0,1,1,1,1,1,0,0,0,,2,4.0,1.0,,5,4,,3.0,0,1,0,1,1,0,0,0,,2
328,2,18.0,1.0,11.0,13.0,4,1,0,0,0,0,0,0,0,0,0,0,,2,3.0,5.0,,2,1,,2.0,0,0,0,0,0,1,0,0,,2
329,1,23.0,2.0,21.0,2.0,2,0,1,1,0,0,0,0,0,0,1,0,,1,2.0,5.0,,2,2,,2.0,0,0,0,1,0,1,0,0,,2
330,2,17.0,1.0,6.0,13.0,2,1,0,0,1,0,0,1,0,0,0,0,,2,2.0,1.0,,4,6,,4.0,0,0,0,1,1,1,0,0,,2
331,2,35.0,3.0,3.0,2.0,3,0,0,0,1,0,0,0,0,0,0,0,,2,3.0,3.0,,4,6,,3.0,0,0,0,0,1,0,0,0,,2
332,1,39.0,3.0,12.0,1.0,3,0,0,1,0,1,0,1,0,0,0,0,,2,3.0,5.0,,4,4,,3.0,1,0,0,0,0,1,0,0,,2
333,2,17.0,1.0,4.0,14.0,4,0,0,0,1,0,0,0,0,0,0,0,,2,4.0,5.0,,5,2,,4.0,0,0,0,0,0,0,1,0,,2
334,1,32.0,3.0,30.0,14.0,4,0,0,0,0,0,0,0,0,1,0,0,,2,4.0,5.0,,4,3,,3.0,0,0,0,0,0,0,1,0,,2
335,2,58.0,5.0,13.0,9.0,3,0,1,0,0,0,1,1,0,0,0,0,,2,2.0,2.0,,4,3,,4.0,0,0,0,1,0,0,0,0,,2
336,1,52.0,5.0,17.0,1.0,2,0,1,0,0,0,1,1,1,0,0,0,,2,2.0,5.0,,3,1,,2.0,0,1,0,0,0,0,0,0,,2
337,1,36.0,3.0,12.0,1.0,2,0,1,1,0,0,0,0,0,0,0,0,,1,2.0,2.0,,1,3,,2.0,0,0,0,1,0,0,0,0,,1
338,1,64.0,6.0,15.0,5.0,2,0,1,0,0,0,0,1,1,0,0,0,,2,1.0,5.0,,1,6,,3.0,0,0,0,1,0,0,0,0,,2
339,1,28.0,2.0,3.0,14.0,4,0,0,0,0,0,0,0,0,0,0,1,興味ナシ,2,4.0,6.0,興味ナシ,5,7,興味ナシ,3.0,0,0,0,0,0,0,0,1,興味ナシ,2
340,1,20.0,2.0,28.0,13.0,3,0,1,0,0,0,0,0,0,0,0,0,,1,4.0,4.0,,4,5,,3.0,0,0,0,1,0,0,0,0,,2
341,1,18.0,1.0,15.0,13.0,2,1,1,0,0,1,1,1,0,0,0,0,,1,2.0,1.0,,1,4,,2.0,0,0,1,0,0,1,0,0,,2
342,2,62.0,6.0,36.0,10.0,2,1,1,0,1,1,1,1,1,0,0,0,,2,3.0,3.0,,5,3,,4.0,0,0,0,0,0,0,0,1,わからない,2
343,1,19.0,1.0,33.0,13.0,3,0,0,0,0,0,0,1,0,0,0,0,,2,2.0,3.0,,2,1,,2.0,0,0,0,0,0,1,0,0,,2
344,1,39.0,3.0,20.0,11.0,2,0,0,1,1,0,0,0,0,0,0,0,,2,2.0,4.0,,5,6,,4.0,0,0,0,0,0,0,0,1,わからない,2
345,2,15.0,1.0,46.0,13.0,3,0,1,0,1,0,0,0,0,0,0,0,,2,3.0,1.0,,4,1,,4.0,1,0,0,0,0,0,0,0,,2
346,2,15.0,1.0,23.0,13.0,2,0,1,0,1,0,0,1,0,0,0,0,,2,3.0,5.0,,3,6,,3.0,0,1,1,0,0,0,0,0,,2
347,1,19.0,1.0,14.0,1.0,1,1,0,0,1,0,0,0,0,1,0,0,,2,2.0,5.0,,3,3,,1.0,0,0,1,1,0,0,1,0,,2
348,1,25.0,2.0,26.0,1.0,2,1,0,1,1,0,1,0,0,0,0,0,,2,2.0,2.0,,4,6,,3.0,0,0,0,0,0,0,1,0,,2
349,2,63.0,6.0,40.0,12.0,3,0,0,0,0,0,1,0,0,0,0,0,,2,3.0,5.0,,2,3,,2.0,0,1,0,0,0,0,0,0,,2
350,2,25.0,2.0,32.0,1.0,4,1,0,0,0,0,0,0,0,0,0,0,,2,3.0,2.0,,4,1,,4.0,0,0,0,0,1,0,0,0,,2
351,1,39.0,3.0,28.0,1.0,3,0,1,0,0,0,0,1,0,0,0,0,,2,2.0,2.0,,4,2,,4.0,1,1,1,0,0,0,0,0,,2
352,2,34.0,3.0,22.0,9.0,3,1,1,0,0,1,0,0,0,0,0,0,,2,2.0,5.0,,4,6,,2.0,0,0,0,0,0,0,1,0,,2
353,2,17.0,1.0,1.0,13.0,3,1,0,0,1,0,0,0,0,0,0,0,,2,1.0,1.0,,2,4,,2.0,1,0,0,0,0,0,0,0,,2
354,2,25.0,2.0,28.0,10.0,4,0,0,0,0,1,0,1,0,0,0,0,,2,2.0,2.0,,5,6,,3.0,0,0,0,0,1,0,0,0,,2
355,2,28.0,2.0,7.0,2.0,1,0,1,0,1,1,1,1,1,0,0,0,,1,1.0,2.0,,1,3,,2.0,0,0,0,0,0,0,1,0,,2
356,2,36.0,3.0,13.0,9.0,2,0,1,0,0,0,0,0,0,0,0,0,,1,2.0,3.0,,3,5,,3.0,0,0,0,1,0,0,0,0,,2
357,1,44.0,4.0,30.0,2.0,2,0,1,0,1,1,0,1,0,0,0,0,,2,3.0,5.0,,3,6,,4.0,0,1,0,0,1,1,0,0,,2
358,1,18.0,1.0,23.0,13.0,2,1,1,0,0,1,0,0,0,0,0,0,,2,2.0,5.0,,4,6,,3.0,0,0,1,0,0,0,0,0,,2
359,1,59.0,5.0,27.0,14.0,3,0,0,0,1,0,0,0,1,0,0,0,,2,3.0,3.0,,4,3,,4.0,0,0,0,1,0,0,0,0,,2
360,1,24.0,2.0,34.0,9.0,4,1,0,0,0,0,0,0,0,0,0,0,,2,2.0,4.0,,2,3,,2.0,0,0,0,0,1,0,0,0,,2
361,1,48.0,4.0,14.0,1.0,4,0,1,0,0,0,0,0,0,0,0,0,,2,2.0,1.0,,4,1,,3.0,0,0,0,0,1,0,0,0,,2
362,1,18.0,1.0,14.0,13.0,2,0,0,0,1,0,0,1,1,0,0,0,,2,1.0,5.0,,4,2,,3.0,0,0,0,0,0,0,1,0,,2
363,1,27.0,2.0,22.0,1.0,2,0,1,0,1,1,0,0,0,0,0,0,,2,2.0,3.0,,2,1,,2.0,0,0,1,0,1,1,0,0,,2
364,2,75.0,7.0,12.0,10.0,4,0,0,1,0,0,0,0,0,0,0,0,,2,2.0,1.0,,4,6,,3.0,0,0,0,1,0,0,0,0,,2
365,2,60.0,6.0,23.0,12.0,2,0,1,0,0,1,0,1,0,0,1,0,,2,2.0,5.0,,3,1,,2.0,1,0,0,1,0,0,0,0,,2
366,2,26.0,2.0,15.0,3.0,3,0,1,0,0,0,0,0,0,0,1,0,,1,2.0,1.0,,3,2,,2.0,0,0,0,1,0,0,0,0,,2
367,1,38.0,3.0,37.0,8.0,4,1,1,0,0,0,0,0,1,0,0,0,,2,4.0,5.0,,4,4,,4.0,0,0,0,0,0,1,0,0,,2
368,1,24.0,2.0,9.0,13.0,2,0,1,0,0,1,0,1,0,0,0,0,,2,2.0,3.0,,5,6,,3.0,0,0,1,0,0,0,0,0,,2
369,2,33.0,3.0,30.0,12.0,4,0,0,0,0,0,1,0,0,0,0,0,,2,2.0,3.0,,2,6,,2.0,0,0,0,1,0,0,1,0,,2
370,1,69.0,6.0,28.0,11.0,2,1,0,0,1,0,0,1,0,0,0,0,,2,3.0,2.0,,2,2,,1.0,1,1,1,1,0,1,0,0,,2
371,2,26.0,2.0,38.0,14.0,2,1,0,1,0,0,0,0,0,1,0,0,,2,2.0,5.0,,3,2,,3.0,0,0,0,1,0,0,0,0,,2
372,2,51.0,5.0,4.0,14.0,2,0,1,0,1,0,1,1,0,0,0,0,,2,2.0,5.0,,4,5,,3.0,0,0,0,0,0,0,1,0,,2
373,2,35.0,3.0,26.0,10.0,4,1,0,0,0,0,1,0,0,0,0,0,,2,3.0,6.0,分からない,5,6,,4.0,1,0,0,0,0,0,0,0,,2
374,2,18.0,1.0,20.0,13.0,3,0,0,0,1,1,0,1,0,0,0,0,,2,2.0,2.0,,5,4,,2.0,1,0,1,0,0,0,0,0,,2
375,2,55.0,5.0,14.0,1.0,3,0,1,0,0,0,1,0,0,0,0,0,,2,1.0,5.0,,4,1,,2.0,0,0,0,1,0,0,0,0,,2
376,1,15.0,1.0,39.0,1.0,1,1,0,1,0,0,0,1,0,0,0,0,,2,3.0,5.0,,3,3,,2.0,1,0,1,1,0,0,0,0,,2
377,2,23.0,2.0,16.0,13.0,1,1,1,1,0,0,1,0,0,0,0,0,,2,3.0,1.0,,2,6,,4.0,0,0,1,0,1,1,0,0,,2
378,1,33.0,3.0,14.0,1.0,2,0,1,0,0,0,0,0,1,0,1,0,,2,3.0,3.0,,3,6,,2.0,1,1,0,0,0,0,0,0,,2
379,2,19.0,1.0,27.0,13.0,4,0,0,0,0,0,0,1,0,0,0,0,,2,3.0,3.0,,3,4,,3.0,1,0,0,0,0,0,0,0,,2
380,2,33.0,3.0,28.0,5.0,4,0,0,1,0,0,0,0,0,0,0,0,,2,4.0,4.0,,5,5,,4.0,0,0,0,1,0,0,0,0,,2
381,1,19.0,1.0,1.0,13.0,2,0,0,0,1,0,1,0,0,0,0,0,,2,2.0,2.0,,2,1,,2.0,0,0,0,0,1,0,0,0,,2
382,2,27.0,2.0,29.0,1.0,2,1,1,0,0,0,0,1,0,0,0,0,,2,3.0,3.0,,2,1,,4.0,1,0,0,1,0,0,0,0,,2
383,1,15.0,1.0,21.0,13.0,3,0,0,0,0,0,0,1,0,0,0,0,,2,3.0,5.0,,3,2,,3.0,1,0,0,0,0,0,0,0,,2
384,1,74.0,7.0,32.0,14.0,2,0,0,0,1,1,0,0,0,0,0,0,,2,2.0,5.0,,4,3,,4.0,1,0,1,0,0,0,0,0,,2
385,2,66.0,6.0,10.0,10.0,4,0,0,0,0,0,0,1,0,0,0,0,,2,3.0,1.0,,4,3,,4.0,0,0,0,1,0,0,0,0,,2
386,2,71.0,7.0,11.0,6.0,1,0,0,0,1,0,0,1,1,0,0,0,,2,2.0,3.0,,4,1,,2.0,1,1,1,0,0,0,0,0,,2
387,1,31.0,3.0,28.0,14.0,3,0,0,0,1,0,1,1,0,0,0,0,,2,3.0,3.0,,2,6,,3.0,0,0,0,1,0,0,0,0,,2
388,2,57.0,5.0,13.0,1.0,3,0,0,0,0,0,0,1,0,0,0,0,,2,2.0,1.0,,5,6,,4.0,0,0,0,0,0,0,1,0,,2
389,1,39.0,3.0,14.0,1.0,2,0,1,0,0,0,0,0,0,0,0,0,,2,2.0,2.0,,4,1,,2.0,0,0,0,0,0,0,1,0,,2
390,1,47.0,4.0,13.0,1.0,4,0,0,0,1,0,0,0,0,0,0,0,,2,4.0,2.0,,5,4,,4.0,0,0,0,0,0,1,0,0,,2
391,2,73.0,7.0,23.0,10.0,2,0,1,1,0,0,0,1,0,0,0,0,,2,2.0,5.0,,4,2,,3.0,0,0,0,1,0,0,0,0,,2
392,1,17.0,1.0,13.0,13.0,2,1,0,0,1,0,1,0,0,0,0,0,,2,1.0,5.0,,3,2,,4.0,0,0,0,1,1,0,0,0,,2
393,2,41.0,4.0,13.0,11.0,2,0,0,0,1,0,1,1,0,0,0,0,,2,2.0,2.0,,3,3,,2.0,1,1,1,0,1,0,0,0,,1
394,2,61.0,6.0,13.0,12.0,2,0,1,1,1,1,0,1,1,1,0,0,,2,1.0,2.0,,4,2,,3.0,0,0,0,0,0,0,1,0,,2
395,1,42.0,4.0,11.0,4.0,2,0,1,0,0,1,0,0,1,0,0,0,,2,2.0,3.0,,4,1,,3.0,0,0,0,0,0,0,1,0,,1
396,1,17.0,1.0,1.0,13.0,4,0,1,1,0,0,1,1,1,1,1,0,,2,1.0,5.0,,4,4,,4.0,0,0,0,0,0,0,1,0,,2
397,2,44.0,4.0,23.0,1.0,3,1,1,0,1,0,1,1,0,0,0,0,,2,3.0,5.0,,3,3,,2.0,0,1,1,1,0,0,0,0,,2
398,1,49.0,4.0,16.0,1.0,3,0,0,0,0,0,0,1,0,0,0,0,,2,3.0,5.0,,4,6,,4.0,0,0,0,0,0,1,0,0,,2
399,1,49.0,4.0,14.0,2.0,1,0,1,0,0,0,0,0,0,0,0,0,,2,4.0,6.0,ない,4,1,,3.0,0,0,0,0,0,0,1,0,,2
400,1,39.0,3.0,13.0,6.0,2,0,0,0,1,1,0,1,0,0,0,0,,2,2.0,3.0,,4,6,,3.0,1,0,1,0,0,0,0,0,,2
401,1,54.0,5.0,27.0,1.0,2,0,1,0,1,0,0,1,0,0,0,0,,2,2.0,4.0,,4,2,,3.0,0,0,0,0,0,0,1,0,,2
402,1,64.0,6.0,21.0,4.0,2,0,0,0,1,0,1,1,0,0,0,0,,2,2.0,3.0,,4,3,,3.0,0,0,0,1,0,0,0,0,,2
403,1,37.0,3.0,21.0,1.0,2,0,1,0,1,0,0,0,1,0,0,0,,2,3.0,3.0,,3,6,,3.0,1,0,0,0,0,0,0,0,,2
404,2,25.0,2.0,23.0,14.0,3,0,0,0,1,0,0,0,1,1,0,0,,2,2.0,2.0,,3,1,,3.0,0,0,0,0,1,1,0,0,,2
405,1,51.0,5.0,1.0,1.0,4,0,0,0,0,0,0,0,0,1,0,0,,1,4.0,5.0,,1,1,,1.0,0,0,0,1,0,0,0,0,,2
406,1,76.0,7.0,21.0,14.0,2,0,1,0,0,0,1,0,1,0,0,0,,2,2.0,1.0,,2,1,,4.0,0,1,0,0,1,1,0,0,,2
407,1,38.0,3.0,23.0,1.0,3,0,0,0,0,0,0,0,0,1,0,0,,2,3.0,1.0,,2,5,,2.0,1,0,0,0,0,0,0,0,,2
408,1,54.0,5.0,13.0,2.0,3,0,0,0,1,1,0,1,0,0,0,0,,2,3.0,5.0,,2,3,,2.0,0,1,0,0,0,0,0,0,,2
409,2,18.0,1.0,5.0,13.0,4,1,0,0,0,0,0,1,1,0,0,0,,2,2.0,3.0,,5,2,,4.0,0,0,1,1,0,1,0,0,,2
410,1,16.0,1.0,14.0,13.0,2,0,1,0,0,0,1,1,0,0,0,0,,2,2.0,3.0,,2,6,,3.0,0,0,0,0,0,0,1,0,,2
411,1,25.0,2.0,23.0,13.0,4,0,0,0,1,0,0,0,0,0,0,0,,2,4.0,5.0,,5,2,,4.0,1,0,0,0,0,0,0,0,,2
412,1,69.0,6.0,11.0,14.0,2,0,1,1,0,0,0,1,1,0,0,0,,2,2.0,3.0,,3,6,,2.0,0,0,0,0,0,0,1,0,,2
413,2,51.0,5.0,12.0,2.0,2,1,0,1,0,0,1,0,0,0,0,0,,2,4.0,5.0,,5,3,,3.0,0,0,0,0,0,1,0,0,,2
414,2,68.0,6.0,13.0,12.0,4,0,0,0,1,0,0,1,0,0,0,0,,2,2.0,5.0,,4,2,,3.0,0,0,0,1,0,0,0,0,,2
415,1,72.0,7.0,12.0,14.0,2,0,1,0,1,0,0,1,0,0,0,0,,2,2.0,5.0,,4,6,,4.0,0,0,0,0,0,0,1,0,,2
416,1,24.0,2.0,13.0,14.0,4,0,0,1,0,0,0,0,0,0,0,0,,2,4.0,5.0,,5,2,,4.0,0,0,0,0,0,0,1,0,,2
417,1,38.0,3.0,23.0,2.0,2,0,1,1,0,0,1,0,0,0,0,0,,1,3.0,3.0,,3,3,,4.0,1,1,0,1,0,0,0,0,,2
418,2,37.0,3.0,13.0,14.0,3,1,1,0,0,0,1,0,0,0,0,0,,2,1.0,5.0,,4,6,,3.0,0,0,0,0,0,0,1,0,,2
419,2,73.0,7.0,28.0,14.0,2,0,0,0,1,1,0,1,0,0,0,0,,2,3.0,5.0,,4,3,,2.0,1,1,0,1,0,0,0,0,,2
420,1,17.0,1.0,13.0,13.0,2,1,0,0,1,1,0,1,0,0,1,0,,2,2.0,5.0,,3,5,,3.0,0,0,0,0,0,0,1,0,,2
421,2,29.0,2.0,14.0,14.0,4,0,0,0,0,0,0,0,0,0,0,1,なし,2,4.0,6.0,なし,4,4,,4.0,0,0,0,0,0,0,1,0,,2
422,2,37.0,3.0,12.0,11.0,1,1,0,0,0,0,1,1,0,0,0,0,,2,3.0,5.0,,4,6,,3.0,1,0,0,0,0,0,0,0,,2
423,2,21.0,2.0,13.0,13.0,2,0,1,0,0,0,1,0,1,0,0,0,,2,3.0,3.0,,2,6,,2.0,0,1,0,0,0,0,0,0,,2
424,2,20.0,2.0,1.0,13.0,3,0,0,0,1,1,0,1,0,0,0,0,,2,2.0,5.0,,4,3,,4.0,0,1,0,0,0,0,0,0,,2
425,1,28.0,2.0,22.0,14.0,4,1,0,0,0,0,0,0,0,0,0,0,,2,3.0,5.0,,3,5,,4.0,1,0,0,0,0,0,0,0,,2
426,2,62.0,6.0,14.0,5.0,4,0,0,0,0,1,0,1,0,0,0,0,,2,2.0,3.0,,3,6,,2.0,0,0,1,1,0,0,0,0,,2
427,2,38.0,3.0,40.0,14.0,4,0,0,0,0,0,0,0,0,0,1,0,,2,4.0,5.0,,5,6,,4.0,0,0,1,0,0,0,0,0,,2
428,2,46.0,4.0,34.0,10.0,3,0,0,0,0,1,1,1,0,0,0,0,,2,2.0,5.0,,4,2,,2.0,0,0,1,0,0,0,0,0,,2
429,1,57.0,5.0,8.0,2.0,2,0,1,0,1,0,0,1,0,0,0,0,,2,2.0,5.0,,4,2,,1.0,0,0,1,1,0,0,1,0,,2
430,1,51.0,5.0,13.0,9.0,4,1,0,0,0,0,0,0,0,0,0,0,,2,4.0,5.0,,2,4,,2.0,0,0,0,0,0,0,1,0,,2
431,1,77.0,7.0,14.0,1.0,1,0,1,1,0,1,0,0,0,0,0,0,,2,3.0,3.0,,3,3,,3.0,0,1,0,0,0,0,1,0,,2
432,2,73.0,7.0,13.0,11.0,2,0,1,0,0,1,0,1,0,0,0,0,,2,3.0,3.0,,3,2,,4.0,1,1,0,0,0,0,1,0,,2
433,1,58.0,5.0,11.0,11.0,2,1,0,0,0,1,0,1,0,0,0,0,,2,2.0,3.0,,4,1,,4.0,0,0,1,0,0,0,0,0,,2
434,2,24.0,2.0,21.0,10.0,4,0,0,0,0,0,0,0,0,0,0,1,なし,2,4.0,6.0,なし,5,7,なし,4.0,0,0,0,0,0,0,0,1,なし,2
435,1,56.0,5.0,28.0,1.0,1,0,1,0,1,1,0,1,0,0,0,0,,2,1.0,1.0,,4,6,,1.0,0,1,0,1,1,0,0,0,,2
436,1,27.0,2.0,23.0,1.0,2,1,1,0,1,0,0,0,0,0,0,0,,1,2.0,3.0,,3,5,,2.0,1,1,1,0,0,0,0,0,,2
437,2,45.0,4.0,1.0,12.0,4,0,1,0,0,0,0,1,1,0,0,0,,2,3.0,5.0,,2,1,,3.0,0,0,1,0,0,0,0,0,,2
438,1,38.0,3.0,11.0,1.0,4,1,1,0,0,0,1,0,0,0,0,0,,2,2.0,5.0,,4,1,,4.0,1,0,0,0,0,0,0,0,,2
439,2,70.0,7.0,35.0,14.0,2,0,0,0,0,0,0,1,1,0,0,0,,2,2.0,5.0,,4,3,,3.0,0,0,0,0,0,0,0,1,味の無い作品になりそう,2
440,1,16.0,1.0,12.0,1.0,3,0,0,0,0,0,0,0,0,1,0,0,,2,3.0,3.0,,3,2,,3.0,1,0,0,0,0,0,0,0,,2
441,1,16.0,1.0,12.0,13.0,4,0,0,0,1,0,0,0,0,0,0,0,,2,2.0,3.0,,3,2,,2.0,0,0,0,0,0,0,1,0,,2
442,2,30.0,3.0,40.0,10.0,4,0,0,0,0,0,1,0,0,0,0,0,,2,3.0,4.0,,4,4,,4.0,0,0,0,0,0,0,1,0,,2
443,1,34.0,3.0,1.0,1.0,2,0,0,0,1,0,0,0,0,0,0,0,,2,3.0,4.0,,3,4,,3.0,0,0,0,0,1,0,0,0,,2
444,2,76.0,7.0,17.0,12.0,3,0,1,0,0,0,1,0,0,0,0,0,,2,2.0,1.0,,3,1,,3.0,0,0,0,1,0,0,0,0,,2
445,1,29.0,2.0,35.0,4.0,4,0,0,0,0,0,0,0,0,0,1,0,,2,4.0,5.0,,5,1,,3.0,0,1,0,0,0,0,0,0,,2
446,1,16.0,1.0,10.0,13.0,3,0,1,0,0,0,0,0,1,0,0,0,,2,3.0,2.0,,2,6,,2.0,0,0,0,1,1,0,0,0,,2
447,2,42.0,4.0,16.0,10.0,3,1,1,0,0,1,1,1,0,0,0,0,,2,2.0,2.0,,5,3,,3.0,0,1,0,0,0,1,0,0,,2
448,1,63.0,6.0,11.0,14.0,1,1,1,0,1,1,1,1,1,0,0,0,,2,3.0,2.0,,1,6,,2.0,1,1,0,1,0,0,0,0,,2
449,1,38.0,3.0,13.0,5.0,3,0,0,0,1,0,1,0,0,0,0,0,,2,2.0,5.0,,4,3,,4.0,0,0,1,0,0,0,0,0,,2
450,2,70.0,7.0,28.0,14.0,2,0,1,0,1,1,0,1,0,0,0,0,,2,2.0,3.0,,1,6,,4.0,0,1,0,0,0,0,1,0,,2
451,1,26.0,2.0,11.0,1.0,1,1,0,0,1,0,0,0,0,0,0,1,ネズミ,1,1.0,3.0,,1,4,,1.0,1,1,0,1,0,0,0,0,,2
452,2,74.0,7.0,13.0,12.0,2,0,1,0,0,0,1,0,0,0,0,0,,2,2.0,3.0,,5,3,,3.0,0,0,0,0,0,0,1,0,,2
453,2,25.0,2.0,28.0,1.0,3,0,0,0,0,0,0,1,0,0,0,0,,2,2.0,3.0,,5,2,,3.0,0,0,0,0,0,1,0,0,,2
454,1,56.0,5.0,23.0,6.0,1,1,0,1,1,1,1,1,0,1,1,0,,2,3.0,2.0,,1,4,,2.0,0,1,1,1,1,0,0,0,,2
455,2,29.0,2.0,13.0,9.0,2,1,1,0,0,0,0,0,1,0,0,0,,2,2.0,2.0,,4,6,,2.0,0,1,0,0,0,0,0,0,,2
456,2,22.0,2.0,27.0,13.0,2,1,1,0,0,0,0,1,0,0,0,0,,2,3.0,1.0,,5,6,,4.0,0,0,1,0,0,0,0,0,,2
457,1,64.0,6.0,27.0,1.0,3,1,1,0,1,0,1,1,1,0,0,0,,2,3.0,5.0,,4,2,,4.0,0,1,0,0,1,0,0,0,,2
458,2,38.0,3.0,10.0,2.0,2,0,1,0,0,0,1,1,0,0,0,0,,2,1.0,4.0,,2,1,,2.0,1,0,0,0,0,0,0,0,,2
459,1,19.0,1.0,1.0,4.0,2,0,0,0,1,1,1,0,0,0,0,0,,2,3.0,4.0,,3,6,,3.0,1,0,0,0,0,1,0,0,,2
460,2,54.0,5.0,23.0,1.0,2,0,1,0,0,0,0,0,0,0,0,0,,2,2.0,2.0,,3,6,,2.0,0,0,1,0,0,0,0,0,,2
461,1,45.0,4.0,22.0,1.0,3,1,1,0,0,0,0,1,0,0,0,0,,2,3.0,1.0,,4,2,,4.0,0,0,0,1,0,0,0,0,,2
462,2,15.0,1.0,13.0,13.0,3,1,0,0,0,0,0,1,1,0,0,0,,2,2.0,3.0,,5,4,,1.0,0,0,0,0,1,1,0,0,,2
463,1,35.0,3.0,28.0,1.0,4,0,1,0,0,0,0,0,0,0,0,0,,2,3.0,3.0,,5,5,,4.0,0,0,0,0,0,0,1,0,,2
464,2,59.0,5.0,23.0,11.0,2,0,0,0,1,0,0,1,1,0,0,0,,2,2.0,6.0,魅力的な点はない,5,3,,4.0,1,1,1,0,0,0,0,0,,2
465,1,36.0,3.0,11.0,1.0,4,1,0,0,0,0,0,0,0,0,0,0,,2,4.0,5.0,,5,3,,4.0,0,0,0,0,0,0,1,0,,2
466,1,46.0,4.0,22.0,4.0,1,0,0,0,0,1,0,1,0,0,0,0,,2,2.0,3.0,,2,4,,1.0,0,1,0,0,0,0,1,0,,2
467,1,27.0,2.0,40.0,4.0,4,0,0,0,0,0,0,0,0,1,0,0,,2,4.0,5.0,,5,4,,4.0,0,0,0,0,0,1,0,0,,2
468,2,19.0,1.0,44.0,12.0,3,0,0,0,1,0,0,0,0,0,0,0,,2,3.0,5.0,,4,1,,3.0,0,0,0,0,0,0,1,0,,2
469,2,78.0,7.0,27.0,12.0,3,0,0,0,1,0,0,1,0,0,0,0,,2,3.0,5.0,,3,3,,2.0,0,0,0,0,0,0,1,0,,2
470,1,51.0,5.0,21.0,8.0,2,1,1,0,0,0,0,1,1,0,0,0,,2,2.0,1.0,,5,3,,3.0,0,0,0,0,0,0,1,0,,2
471,1,44.0,4.0,14.0,2.0,3,0,0,0,0,0,0,1,1,0,0,0,,2,3.0,5.0,,3,6,,4.0,0,0,0,0,0,0,1,0,,2
472,2,31.0,3.0,26.0,14.0,4,0,0,0,0,0,0,0,0,0,0,1,なし,2,4.0,6.0,なし,4,7,なし,4.0,0,0,0,0,0,0,0,1,なし,2
473,1,46.0,4.0,11.0,10.0,4,0,1,0,0,1,0,1,0,0,0,0,,2,2.0,4.0,,5,6,,2.0,0,0,0,0,0,0,1,0,,2
474,2,29.0,2.0,13.0,2.0,1,0,1,0,0,1,0,0,1,0,0,0,,2,3.0,5.0,,3,2,,2.0,1,0,0,1,1,0,0,0,,2
475,2,15.0,1.0,35.0,13.0,3,0,1,0,1,1,0,0,0,0,0,0,,2,2.0,4.0,,4,5,,3.0,0,0,0,0,0,1,0,0,,2
476,2,52.0,5.0,9.0,1.0,3,0,0,0,0,1,0,1,1,0,0,0,,2,2.0,2.0,,4,6,,3.0,0,1,1,0,0,0,0,0,,2
477,2,17.0,1.0,20.0,11.0,2,0,0,0,0,0,1,1,0,0,0,0,,2,2.0,5.0,,2,4,,2.0,1,1,0,1,0,0,0,0,,2
478,1,22.0,2.0,13.0,1.0,4,1,0,0,0,0,0,0,0,0,0,0,,2,4.0,4.0,,4,1,,3.0,0,0,0,0,0,0,1,0,,2
479,2,49.0,4.0,13.0,10.0,3,0,0,0,0,0,0,1,0,0,0,0,,2,2.0,4.0,,3,6,,3.0,0,0,0,0,0,0,1,0,,2
480,2,52.0,5.0,5.0,10.0,4,1,0,0,0,0,0,0,0,0,0,0,,2,4.0,2.0,,5,2,,4.0,0,0,0,0,0,0,1,0,,2
481,2,34.0,3.0,45.0,14.0,3,0,0,0,0,0,0,1,0,0,0,0,,2,2.0,5.0,,4,6,,3.0,0,0,1,0,0,0,0,0,,2
482,1,75.0,7.0,23.0,14.0,2,0,0,1,1,1,0,0,0,0,0,0,,2,3.0,5.0,,4,6,,4.0,1,0,0,0,0,0,0,0,,2
483,1,33.0,3.0,8.0,4.0,3,0,1,0,1,0,0,1,0,0,0,0,,2,3.0,2.0,,3,5,,3.0,1,1,0,0,0,0,0,0,,2
484,1,54.0,5.0,12.0,1.0,3,0,1,0,0,1,0,1,0,0,0,0,,2,3.0,1.0,,2,1,,2.0,0,0,0,0,1,1,0,0,,2
485,2,75.0,7.0,14.0,10.0,2,1,1,1,0,0,1,1,0,0,0,0,,2,2.0,2.0,,3,3,,4.0,1,1,0,1,0,0,0,0,,2
486,1,39.0,3.0,28.0,11.0,4,0,0,0,1,0,0,0,0,0,0,0,,1,4.0,5.0,,5,1,,3.0,0,0,0,0,0,1,0,0,,2
487,2,43.0,4.0,3.0,10.0,2,1,1,0,0,0,0,0,1,0,0,0,,2,2.0,4.0,,3,1,,2.0,1,0,0,1,1,0,0,0,,2
488,2,17.0,1.0,8.0,14.0,2,0,0,0,0,1,0,0,0,0,0,0,,2,3.0,5.0,,4,5,,3.0,0,0,0,0,0,1,0,0,,2
489,2,64.0,6.0,29.0,4.0,3,0,0,0,0,0,0,1,0,0,0,0,,2,3.0,1.0,,1,6,,3.0,0,0,0,0,0,1,0,0,,2
490,1,36.0,3.0,8.0,1.0,3,0,0,0,0,0,0,0,1,0,0,0,,2,3.0,2.0,,4,3,,3.0,0,0,0,0,1,0,0,0,,2
491,1,19.0,1.0,28.0,13.0,2,0,1,0,0,1,1,0,0,0,0,0,,2,2.0,1.0,,2,3,,2.0,0,0,0,0,1,1,0,0,,2
492,2,16.0,1.0,33.0,13.0,2,1,0,0,1,0,0,0,0,0,0,0,,2,2.0,4.0,,2,6,,2.0,1,0,0,1,0,1,0,0,,2
493,2,20.0,2.0,26.0,13.0,2,1,1,0,1,1,1,1,1,0,0,0,,2,2.0,3.0,,3,2,,4.0,0,0,0,0,0,0,1,0,,2
494,2,55.0,5.0,46.0,1.0,3,0,0,0,1,0,0,0,0,0,0,0,,2,4.0,2.0,,4,6,,3.0,0,0,1,0,0,0,0,0,,1
495,2,44.0,4.0,13.0,10.0,2,0,1,0,1,0,0,1,0,0,0,0,,2,3.0,5.0,,3,6,,2.0,0,0,1,0,0,0,0,0,,2
496,2,28.0,2.0,29.0,5.0,2,1,0,0,0,0,1,1,0,0,0,0,,2,2.0,5.0,,4,3,,3.0,1,1,0,0,0,0,0,0,,2
497,2,47.0,4.0,33.0,1.0,2,1,0,0,0,0,1,0,0,0,0,0,,2,3.0,3.0,,4,2,,4.0,1,0,0,0,0,0,0,0,,2
498,1,50.0,5.0,1.0,1.0,2,1,1,0,0,0,1,0,0,0,0,0,,2,2.0,3.0,,4,6,,4.0,0,0,0,0,0,0,1,0,,2
499,1,38.0,3.0,39.0,1.0,2,0,1,0,1,1,0,1,1,0,0,0,,2,1.0,3.0,,4,7,ない,3.0,0,0,0,0,0,0,0,1,良いことはいっさいない,2
500,1,19.0,1.0,22.0,13.0,4,0,0,0,0,1,0,0,0,0,0,0,,2,4.0,5.0,,5,3,,4.0,0,0,0,0,0,1,0,0,,2
